row,school,school_code,relevant_departments,current_count
4,市立內湖高工,403401,資訊科；電子科；電機科；控制科；冷凍空調科,
5,市立南港高工,393401,汽車科；重機科；汽車修護科；機械科,
6,市立士林高商,413401,廣告設計科,
7,市立大安高工,333401,圖文傳播；汽車；汽車修護；機械科；資訊科,
8,市立木柵高工,383401,多媒體設計科；機械科,
9,市立松山家商,323401,廣告設計科,
10,私立南華高中進修學校,351B09,多媒體應用科,
11,私立大同高中,341302,機械科；電子科；資訊科,
12,私立大誠高中,381303,115學年度日間招生未列設計群（舊制曾設室內空間設計科）,
13,私立志仁中學進修學校,361B09,多媒體設計科,
14,私立惇敍工商,421404,汽車；汽車修護,
15,私立景文高中,381305,室內空間設計科；廣告設計科；資訊科,
16,私立泰北高中,411301,美工科；廣告設計科；多媒體設計科,
17,私立滬江高中,381302,室內空間設計科,
18,私立稻江高商,361401,廣告設計科,
19,私立育達高中,311401,多媒體設計科,
20,私立金甌女中,331302,多媒體設計科,
21,臺北市立松山工農,323402,機械科；資訊科,
22,臺北市開南高中,351402,廣告設計科；資訊科,
23,市立三重商工,013430,汽車科；機械科,
24,市立光復高中,014363,多媒體設計學程（綜合高中）,
25,市立新北高工,013433,汽車；汽車修護；機械科；資訊科,
26,市立樟樹國際實中,014468,資訊科,
27,市立泰山高中,013303,汽車科；機械科,
28,市立淡水商工,013434,資訊科；電子科；控制科；電機科,
29,市立瑞芳高工,013402,室內空間設計科；機械科；資訊科,
30,市立鶯歌工商,014439,美術工藝科；陶瓷工程科；廣告設計科；多媒體設計科；資訊科,
31,私立南強工商,011408,汽車,
32,私立復興商工,011407,美工科；廣告設計科；室內設計科,
33,私立智光商工,011420,多媒體設計科；機械科；資訊科,
34,私立東海高中,011315,汽車；資訊科,
35,私立格致高中,011316,115學年度未查得設計群招生（原設計群服務名單）,
36,私立樹人家商,011405,資訊科,
37,私立淡江高中,011301,廣告設計學程（綜合高中）,
38,私立穀保家商,011413,多媒體設計科,
39,私立能仁家商,011426,多媒體設計科；廣告設計科,
40,私立莊敬工家,011431,汽車科；資訊科,
41,私立豫章工商,011427,多媒體設計科；資訊科,
42,國立基隆商工,170404,廣告設計科；美工科；廣告設計學程（綜合高中）；廣告技術科（實用技能）；資訊科,
43,國立海洋大學附屬基隆海事,170403,資訊科,
44,私立二信高中,171306,廣告設計科；機械科；電機科,
45,世紀綠能工商,031414,機械科；汽車科；資訊科,
46,國立臺北科技大學附屬桃園農工,030403,汽車；動力機械；機械科,
47,市立壽山高中,034314,廣告設計,
48,市立楊梅高中,033316,資訊科,
49,方曙商工,031415,飛機修護科；資訊科,
50,桃園市啟英高中,031318,廣告設計科；室內設計科；資訊科,
51,大興學校財團法人桃園市大興高級中等學校,031324,飛機修護科；電機科,
52,桃園市振聲高中,031313,廣告設計科；多媒體設計科；資訊科,
53,桃園市私立新興高中,031320,機械科；資訊科；電子科；汽車科；飛機修護科,
54,桃園市立龍潭高中,033302,機械科,
55,桃園市育達高中,031309,廣告設計科；多媒體設計科；資訊科,
56,私立光啟高中,031317,汽車；機械科；資訊科,
57,私立六和高中,031310,多媒體設計科；資訊科,
58,私立永平工商,031421,廣告設計科；資訊科,
59,私立治平高中,031312,資訊科,
60,私立清華高中,031319,資訊科,
61,私立至善高中,031323,家具木工科,
62,國立新竹高工,180404,室內空間設計科；機械科；資訊科,
63,市立香山高中,183307,美術工藝科,
64,新竹市私立磐石高中,181307,機械科,
65,私立世界高中,181308,美工科,
66,私立光復高中,181305,室內設計科；廣告設計科；多媒體設計科；資訊科,
67,國立陽明交大附中,040308,資訊科,
68,私立內思高工,041401,多媒體設計科；機械科；資訊科,
69,私立東泰高中,041306,汽車；汽車修護；資訊科,
70,私立義民高中,041303,廣告設計科；資訊科,
71,縣立自強高工,044428,資訊科,
72,國立大湖農工,050401,室內空間設計科；機械科,
73,國立苗栗農工,050404,機械科,
74,國立苗栗高商,050407,多媒體設計科,
75,私立中興商工,051408,資訊科,
76,私立君毅高中,051302,資訊科,
77,私立龍德家商,051413,家具木工科,
78,縣立三義高中,054308,多媒體設計科,
79,縣立苑裡高中,054309,廣告設計科,
80,市立大甲高中,063303,廣告設計學程（綜合高中）,
81,市立東勢高工,063404,家具設計科；室內空間設計科；機械科；資訊科,
82,市立沙鹿高工,063407,汽車科；機械科；資訊科,
83,市立臺中家商,193404,服裝設計科；服裝製作科（實用技能）,
84,市立臺中高工,193407,圖文傳播科；機械科；資訊科,
85,私立僑泰高中,061314,廣告設計；多媒體設計；室內設計；汽車；汽車修護；機械科；資訊科,
86,私立嶺東高中,191314,廣告設計科；多媒體設計科；資訊科,
87,私立慈明高中,061321,廣告設計科（動漫設計特色）；資訊科,
88,私立新民高中,191305,廣告設計科；多媒體設計科；機械科；資訊科,
89,私立明台高中,061306,室內設計科,
90,私立明德高中,191309,廣告設計科,
91,私立明道高中,061313,美工；廣告設計；資訊科,
92,私立青年高中,061316,汽車；汽車修護；資訊科,
93,臺中市大明高中,061310,美工科；廣告設計科,342
94,臺中市私立致用高中,061309,機械科；資訊科；電子科；汽車科,
95,臺中市立大甲高工,063402,機械科；製圖科；電機科；電子科；資訊科,
96,臺中市立神岡高工,064406,機械科,
97,臺中市立霧峰農工,063408,機械科,
98,財團法人光華高工,191412,115現行招生頁未列設計群（舊制曾設室內空間設計科）；機械科；資訊科,
99,國立二林工商,070403,室內空間設計科；裝潢技術科（實用技能）；機械科,
100,國立北斗家商,070415,廣告設計科,
101,國立員林崇實高工,070409,室內空間設計科；家具設計科；裝潢技術科（實用技能）；資訊科,
102,國立員林農工,070408,機械科,
103,國立彰化高商,070406,廣告設計科,
104,國立彰師附工,070401,汽車科；機械科；資訊科,
105,國立永靖高工,070402,室內空間設計科；機械科；資訊科,
106,國立秀水高工,070405,室內空間設計科；機械科,
107,私立文興高中,071317,多媒體設計科,
108,國立南投高中,080302,美工科,
109,國立埔里高工,080403,機械科；電機科；資訊科；電腦繪圖科,
110,國立水里商工,080410,資訊科,
111,國立竹山高中,080307,廣告設計科；多媒體設計科,
112,國立草屯商工,080406,機械科,
113,國立北港農工,090404,機械科；資訊科,
114,國立土庫商工,090413,美工科；廣告設計科,
115,國立斗六家商,090403,廣告設計科,
116,國立虎尾農工,090401,機械科,
117,國立西螺農工,090402,機械科；汽車科；電子科；電機科；生物產業機電科,
118,私立大德工商,091414,資訊科,
119,私立大成商工,091410,多媒體設計科；資訊科,
120,國立嘉義高商,200406,廣告設計科,196
121,國立嘉義高工,200405,室內空間設計科；機械科,
122,國立華南高商,200401,美工科；廣告設計科,175
123,私立東吳工家,201408,多媒體技術；汽車；汽車修護；資訊科,
124,私立輔仁高中,201312,廣告設計科,
125,國立東石高中,100301,機械科,
126,國立民雄農工,100402,汽車；機車修護；機械科,
127,私立萬能工商,101406,多媒體設計科；資訊科,
128,國立北門農工,110404,機械科,
129,國立後壁高中,110314,美工科；廣告設計科；多媒體設計科；室內空間設計科；資訊科,
130,國立成大附屬南工,110409,室內空間設計；汽車；飛機修護；汽車修護；機械科；資訊科,
131,國立新化高工,110401,機械科；資訊科,
132,國立新營高工,110406,機械科；資訊科,
133,國立新豐高中,110302,廣告設計學程（綜合高中）,58
134,國立曾文家商,110405,廣告設計科；廣告技術科（實用技能）,
135,國立曾文農工,110410,機械科,
136,國立玉井工商,110407,廣告設計科,
137,國立白河商工,110403,機械科；資訊科,
138,國立臺南高商,210408,廣告設計科,
139,私立六信高中,211314,資訊科（建教/僑生專班）,
140,私立南英商工,211407,汽車,
141,私立慈幼工商,211419,汽車；汽車修護；資訊科,
142,私立育德工家,111427,多媒體技術；汽車；飛機修護；汽車修護,
143,私立長榮高中,私立長榮高中,廣告設計科；多媒體設計科；資訊科,
144,私立陽明工商,111419,家具木工科（114仍有在學資料；115停招/停止招生狀態）,
145,臺南市光華高中,臺南市光華高中,多媒體設計科,
146,國立岡山農工,120402,室內空間設計科；機械科；資訊科,
147,國立旗山農工,120401,機械科；電機科；汽車科；生物機電科,
148,國立旗美高中,120311,多媒體設計科,
149,國立鳳山商工,120409,家具設計科；室內空間設計科；機械科,
150,市立三民家商,533402,多媒體設計科,
151,市立中正高工,593401,圖文傳播科；機械科；資訊科,
152,新光學校財團法人高雄市新光高級中學,121306,資訊科,
153,市立海青工商,533401,美工科；廣告設計科；室內設計科；資訊科,
154,市立高雄高商,563401,廣告設計科,
155,市立高雄高工,553401,圖文傳播科；機械科；資訊科,
156,私立三信家商,581402,廣告設計科,
157,私立中山工商,121405,多媒體設計科；資訊科,
158,私立樹德家商,551402,廣告設計科,
159,私立立志高中,551301,資訊科；電子科,
160,私立華德工家,121415,資訊科；飛機修護科,
161,私立高苑工商,121417,資訊科；電機科；汽車科,
162,私立高英工商,121413,115學年度高雄區現行技高群科表未列設計群（原服務名單）；資訊科,
163,國立內埔農工,130401,機械科；電機科；汽車科,
164,國立屏東高工,130403,機械科,
165,國立恆春工商,130417,資訊科,
166,私立民生家商,131409,多媒體設計科,
167,財團法人屏榮高中,131307,多媒體設計科；資訊科,
168,國立宜蘭高商,020403,多媒體設計科；資訊科,
169,國立羅東高商,020404,多媒體設計科,
170,國立羅東高工,020407,汽車；汽車修護；機械科；資訊科,
171,國立玉里高中,150309,廣告設計科,
172,國立花蓮高商,150405,多媒體設計科,
173,國立花蓮高工,150404,機械科；資訊科,
174,私立海星高中,151306,115學年度未查得獨立設計群科招生（原設計群服務名單）,
175,國立臺東專科學校附設高職部,140401,室內空間設計科；機械科；資訊科,
176,國立臺東高商,140405,廣告設計科,
177,私立公東高工,141406,家具木工科；室內空間設計科；機械科,
178,國立澎湖海事水產,160401,資訊科,
179,國立金門農工,710401,機工科（機械群）；電機科；電子科；汽車科,
