學校,系所／學程,已找到114資料,舊口徑合計,新規則最低合計,新規則狀態
國立屏東科技大學,機械工程系,日間363＋進修157＋碩士44,564,564,待確認同系其他國際／技優／產學專班後重算
國立屏東科技大學,生物機電工程系,日間197＋進修79＋碩士36＋技優專班30,312,342,至少342；再確認其他同窗口專班
長庚大學,機械工程學系,學士189＋碩士36＋博士11,236,236,待查同窗口其他專班
元智大學,機械工程學系,學士408＋碩士42＋碩專16＋博士14,480,480,待查同窗口其他專班
南亞技術學院,機械工程系,日間160＋進修33＋國際產學39,193,232,至少232；再確認其他同窗口專班
城市學校財團法人臺北城市科技大學,機械工程系,日間386＋進修149＋碩士31＋五專6,535,572,至少572；再確認其他同窗口專班
國立雲林科技大學,機械工程系,學士522＋碩士171＋博士13,693,706,至少706；再確認其他同窗口專班
國立雲林科技大學,電機工程系,學士604＋碩士247＋碩專52,903,903,待查博士／其他同窗口專班
國立雲林科技大學,智慧機器人學士學位學程,正式學程75＋機器人技優專班123,75,198,至少198；需確認是否同一邀請窗口
國立臺北科技大學,電機工程系,日間554＋進修2＋碩士323＋碩專131＋博士50,1010,1060,至少1060；其他同窗口專班仍需併入
國立高雄科技大學,造船及海洋工程系,日間436＋進修64＋碩士18＋碩專21,539,539,待查其他同窗口專班
國立虎尾科技大學,動力機械工程系,日間381＋進修217＋碩士55＋碩專20＋博士17,673,690,至少690；再確認其他同窗口專班
崑山科技大學,電機工程系,日間213＋進修180＋碩士14＋碩專19＋其他命名專班,426,426,最低426；同窗口各專班尚待找齊
國立勤益科技大學,機械工程系,日間611＋進修522＋碩士91＋碩專42＋另有產學專班,1266,1266,最低1266；產學專班尚待併入
國立勤益科技大學,冷凍空調與能源系,日間500＋進修298＋碩士51＋碩專41,890,890,待查其他同窗口專班
國立勤益科技大學,電機工程系,日間593＋進修466＋碩士54＋碩專31,1144,1144,待查其他同窗口專班
國立臺中科技大學,智慧生產工程系,正式系275＋技優16＋雙軌14,275,305,若同窗口新規則至少305
朝陽科技大學,飛行與民航人員技術系,學士377,377,377,待查其他同窗口專班
