row,school,department,current_count,window_name,window_email
4,南亞技術學院,車輛工程科,13,機械工程系主任：胡凡勳,hfs@nanya.edu.tw
5,南開科技大學,國際產學合作車輛相關專班,161,主任：黃德劭,deshau@nkut.edu.tw
6,南開科技大學,車輛工程系,212,主任：黃德劭,deshau@nkut.edu.tw
7,南開科技大學,車輛與機電產業研究所,9,主任：黃德劭,deshau@nkut.edu.tw
8,南開科技大學,車輛與機電產業碩士專班,3,主任：黃德劭,deshau@nkut.edu.tw
9,南開科技大學,車輛零組件相關專班,16,主任：黃德劭,deshau@nkut.edu.tw
10,國立臺北科技大學,車輛工程系,473,主任：陳志鏗,ckchen@ntut.edu.tw
11,國立臺北科技大學,車輛工程系附設進修學院,1,主任：陳志鏗,ckchen@ntut.edu.tw
12,敏實科技大學,智慧車輛與能源系,162,主任：侯光煦,kunghsu@o365.mitust.edu.tw
13,敏實科技大學,智慧車輛與能源系國際專班,133,主任：侯光煦,kunghsu@o365.mitust.edu.tw
14,敏實科技大學,智慧車輛與能源系國際產學專班,80,主任：侯光煦,kunghsu@o365.mitust.edu.tw
15,萬能科技大學,車輛工程系,190,主任：林明俊,lmgm@vnu.edu.tw
16,世新大學,圖文傳播學系（原圖文傳播暨數位出版學系）,809,主任：鄭旭峰,josh@mail.shu.edu.tw
17,世新大學,數位多媒體設計學系,580,主任：楊凱鳴,zycayang@mail.shu.edu.tw
18,中國科技大學,數位多媒體設計系,486,主任：許允聖,dmd@cute.edu.tw
19,中國科技大學,數位多媒體設計系多元培力專班,55,主任：許允聖,dmd@cute.edu.tw
20,中國科技大學,視覺傳達設計系,528,主任：陳慶駿,dvcd@cute.edu.tw
21,南臺學校財團法人南臺科技大學,創新產品設計系,317,主任：程筑鈺,qa6@mail.stust.edu.tw
22,南臺學校財團法人南臺科技大學,視覺傳達設計系,814,主任：黃綝怡,zay@mail.stust.edu.tw
23,台南家專學校財團法人台南應用科技大學,商品設計系,253,主任：陳中聖,empdes@mail.tut.edu.tw
24,台南家專學校財團法人台南應用科技大學,漫畫系,738,主任：黃建芳,emgpen@mail.tut.edu.tw
25,台南家專學校財團法人台南應用科技大學,視覺傳達創新應用設計碩士班,14,主任：陳黎枚,emvcda@mail.tut.edu.tw
26,台南家專學校財團法人台南應用科技大學,視覺傳達設計系,346,主任：陳黎枚,emvcda@mail.tut.edu.tw
27,國立成功大學,科技藝術碩士學位學程,17,主任：薛丞倫,clhsueh@mail.ncku.edu.tw
28,國立聯合大學,工業設計學系,176,主任：徐義權,maurice@nuu.edu.tw
29,國立臺中科技大學,室內設計系,301,主任：陳佩瑜,pyc78@hotmail.com
30,國立臺北教育大學,藝術與造形設計學系,509,主任：游孟書,mengshuyou@tea.ntue.edu.tw
31,國立臺灣師範大學,設計創作碩士在職專班,61,主任：鄧建國,ckteng@ntnu.edu.tw
32,國立臺灣師範大學,設計學系,286,主任：鄧建國,ckteng@ntnu.edu.tw
33,國立臺灣藝術大學,動畫藝術碩士班,37,主任：李俊逸,chuni@ntua.edu.tw
34,國立臺灣藝術大學,多媒體動畫藝術學系,133,主任：李俊逸,chuni@ntua.edu.tw
35,國立臺灣藝術大學,新媒體藝術碩士班,28,主任：李俊逸,chuni@ntua.edu.tw
36,國立臺灣藝術大學,視覺傳達設計學系,443,主任：陳光大,chengd@ntua.edu.tw
37,國立虎尾科技大學,多媒體設計系,395,主任：白弘毅,hong.yi.pai@nfu.edu.tw
38,國立虎尾科技大學,數位內容創意產業碩士班,31,主任：白弘毅,hong.yi.pai@nfu.edu.tw
39,國立雲林科技大學,創意生活設計系,259,主任：謝修璟,laurarun@yuntech.edu.tw
40,國立雲林科技大學,數位媒體設計系,353,主任：楊晰勛,jimmy@yuntech.edu.tw
41,國立雲林科技大學,視覺傳達設計系,277,主任：胡文淵,huwy@yuntech.edu.tw
42,國立雲林科技大學,設計學研究所,117,所長：周玟慧,cris@yuntech.edu.tw
43,國立雲林科技大學,跨域整合設計學士學位學程,42,主任：蔡登傳,caidc@yuntech.edu.tw
44,國立高雄師範大學,視覺設計學系,275,主任：林維俞,sfsg@mail.nknu.edu.tw
45,國立高雄科技大學,文化創意產業系,277,主任：林皇耀,redplasticer@gmail.com
46,大同大學,媒體設計學系,347,主任：黃臣鴻,chhuang@gm.ttu.edu.tw
47,實踐大學,媒體傳達設計學系,444,主任：王世偉,3dvick@g2.usc.edu.tw
48,實踐大學,數位多媒體遊戲設計學系,234,代理主任：涂世俊,sctu@g2.usc.edu.tw
49,實踐大學,服裝設計學系,852,主任：謝詠絮,yxhsieh@g2.usc.edu.tw
50,實踐大學,服飾設計與經營學系,272,代理主任：黃崇信,leohuang@g2.usc.edu.tw
51,實踐大學,視覺特效學士學位學程,7,主任：王世偉,3dvick@g2.usc.edu.tw
52,實踐大學,電腦動畫學士學位學程,240,主任：王世偉,3dvick@g2.usc.edu.tw
53,嶺東科技大學,數位媒體設計系,916,主任：黃俊雄,ltudcd@teamail.ltu.edu.tw
54,嶺東科技大學,視覺傳達設計系,709,主任：符逸群,ltu3830@teamail.ltu.edu.tw
55,明新學校財團法人明新科技大學,多媒體與遊戲發展系,288,主任：曾俊霖,flysun@must.edu.tw
56,朝陽科技大學,視覺傳達設計系,570,主任：陳崑鋒,visual@cyut.edu.tw
57,朝陽科技大學,視覺傳達設計系香港二技專班,1,主任：陳崑鋒,visual@cyut.edu.tw
58,東南科技大學,室內設計系（含室內裝修學程國際學生產學合作專班）,278,主任：劉懿瑾,liu0129@mail.tnu.edu.tw
59,樹德科技大學,室內設計系,262,主任：汪碧芬,pfwang@stu.edu.tw
60,正修學校財團法人正修科技大學,數位多媒體設計系,432,主任：殷聖楷,digital@gcloud.csu.edu.tw
61,國立臺東大學,數位媒體與文教產業學系,197,主任：張嘉玲,idit007@gmail.com
62,國立臺南藝術大學,動畫藝術與影像美學研究所,86,所長：陳齊慧,em3158@tnnua.edu.tw
63,國立臺灣體育運動大學,運動資訊與傳播學系,210,主任：馬鈺龍,pony8110@ntus.edu.tw
64,國立臺北商業大學,數位多媒體設計系,370,主任：胡秀玲,slinghu@ntub.edu.tw
65,中原大學,商業設計學系,391,主任：陳靜宜,jingyi@cycu.edu.tw
66,中國文化大學,數位媒體學士學位學程,45,主任：侯皓之,hhz3@faculty.pccu.edu.tw
67,大葉大學,多媒體數位內容學士學位學程,282,主任：蔡渙良,michael@mail.dyu.edu.tw
68,華梵學校財團法人華梵大學,攝影與VR設計學系,117,代理主任：沈昭良,liang314@ms35.hinet.net
69,義守大學,視覺藝術與設計學系,13,主任：何孟穎,hh66yin@isu.edu.tw
70,銘傳大學,商業設計學系,449,主任：余淑吟,syiyu@mail.mcu.edu.tw
71,崑山科技大學,視訊傳播設計系,381,主任：曹源峰,t093000567@g.ksu.edu.tw
72,崑山科技大學,視覺傳達設計系,302,主任：邱國峻,t093000366@g.ksu.edu.tw
73,龍華科技大學,多媒體與遊戲發展科學系,636,主任：盧大為,twlu@mail.lhu.edu.tw
74,龍華科技大學,文化創意與數位媒體設計系,639,主任：倪建芝,nancyni1008@mail.lhu.edu.tw
75,長榮大學,數位媒體設計學系,92,主任：吳宏翔,daniel@mail.cjcu.edu.tw
76,長榮大學,互動設計學系,33,現承接主管：吳宏翔,daniel@mail.cjcu.edu.tw
77,健行學校財團法人健行科技大學,數位多媒體設計系,330,主任：陳進益,jasonchen@uch.edu.tw
78,玄奘大學,視覺傳達設計學系,84,主任：吳敬堯,magicwu@hcu.edu.tw
79,建國科技大學,商品與遊戲設計系,271,主任：林睿琳,linrl@ctu.edu.tw
80,明志科技大學,視覺傳達設計系,208,主任：莊妙仙,joyce@mail.mcut.edu.tw
81,台鋼學校財團法人台鋼科技大學,資訊傳播與行銷系,93,主任：吳雅蓉,ic@tsust.edu.tw
82,台鋼學校財團法人台鋼科技大學,電競與動畫遊戲學士學位學程,2,現承接主管：吳雅蓉,ic@tsust.edu.tw
83,大仁科技大學,多媒體設計系,154,主任：王宗松,tswang@tajen.edu.tw
84,聖約翰科技大學,多媒體設計系,33,主任：胡文和,fumikazu@mail.sju.edu.tw
85,亞洲大學,數位媒體設計學系,686,主任：姚村雄,yaotsun@asia.edu.tw
86,中信金學校財團法人中信科技大學,數位媒體設計系,8,主任：蕭慧德,shiao322@mail.ctbctech.edu.tw
87,中信金學校財團法人中信科技大學,多媒體與遊戲發展管理系,30,現承接主管：蕭慧德,shiao322@mail.ctbctech.edu.tw
88,景文科技大學,視覺傳達設計系,293,主任：楊文灝,whyang@just.edu.tw
89,德明財經科技大學,多媒體設計系,340,主任：林慧羚,mdchief@takming.edu.tw
90,吳鳳科技大學,數位科技與媒體設計系,334,主任：許榮望,ronger@wfu.edu.tw
91,修平學校財團法人修平科技大學,數位媒體設計系,116,主任：馬廣毅,mwyi@mail.hust.edu.tw
92,城市學校財團法人臺北城市科技大學,數位多媒體設計系,333,主任：賴泓錩,hc.lai@tpcu.edu.tw
93,醒吾學校財團法人醒吾科技大學,數位設計系,161,主任：林靜如,h084@mail.hwu.edu.tw
94,醒吾學校財團法人醒吾科技大學,新媒體傳播系,294,主任：林添勝,h099@mail.hwu.edu.tw
95,華夏學校財團法人華夏科技大學,數位媒體設計系,20,留校生承接主管：陳錫圭校長,hkchen@go.hwh.edu.tw
96,致理學校財團法人致理科技大學,多媒體設計系,771,主任：黃淑芬,mc100@mail.chihlee.edu.tw
97,台北海洋學校財團法人台北海洋科技大學,視覺傳達設計系,7,主任：呂廷倫,lelandlu@mail.tumt.edu.tw
98,台北海洋學校財團法人台北海洋科技大學,電競數位遊戲與動畫設計系,374,主任：王淑貞,scwang@mail.tumt.edu.tw
99,慈惠醫護管理專科學校,數位媒體創意設計科,85,主任：劉貞吟,chenyinliu2@gmail.com
100,東海大學,工業設計學系,194,主任：呂佳珍,id@thu.edu.tw
101,銘傳大學,商品設計學系,381,主任：衛萬里,wanliwei@mail.mcu.edu.tw
102,明志科技大學,工業設計系,217,主任：楊俊明,cmyang@mail.mcut.edu.tw
103,亞洲大學,創意商品設計學系,281,主任：龍希文,cwlung@asia.edu.tw
104,佛光大學,產品與媒體設計學系,197,主任：廖志傑,jjliou@mail.fgu.edu.tw
105,僑光科技大學,機械與電腦輔助工程系（原電腦輔助工業設計系）,54,系辦正式窗口,mcae@ocu.edu.tw
106,醒吾學校財團法人醒吾科技大學,商業設計系,118,主任：胡毓賢,h082@mail.hwu.edu.tw
107,宏國德霖科技大學,創意產品設計系,46,主任：林文一,wylin@mail.hdut.edu.tw
108,亞東科技大學,工商業設計系,296,主任：蘇木川,fj015@mail.aeust.edu.tw
109,輔仁大學,織品服裝學系,1146,主任：陳華珠,046381@mail.fju.edu.tw
110,銘傳大學,時尚與創新管理學士學位學程,140,主任：馮承芝,ccfeng@mail.mcu.edu.tw
111,玄奘大學,時尚設計學系,17,主任：吳珮韓,nimonica@hcu.edu.tw
112,開南大學,形象管理進修學士學位學程,73,主任：林佳賢,chlin1206@mail.knu.edu.tw
113,國立彰化師範大學,車輛科技研究所,33,所長：楊介仙,vr@gm.ncue.edu.tw
114,國立彰化師範大學,智慧車輛工程學系,30,主任：廖興國,dive@gm.ncue.edu.tw
115,國立屏東科技大學,車輛工程系,286,主任：王耀男,yanwang@mail.npust.edu.tw
116,國立臺東專科學校,動力機械科,75,主任：謝銘哲,mjhsieh@ntc.edu.tw
117,健行學校財團法人健行科技大學,車輛工程系,238,主任：賴柔雨,laijouyu@uch.edu.tw
118,吳鳳科技大學,車輛工程系－國際學生產學合作專班,35,主任：譚仲明,cmtan@wfu.edu.tw
119,修平學校財團法人修平科技大學,智慧車輛系,官方未公布可直接核對的114正式在學總數,主任：蔡篤校,dstsai@mail.hust.edu.tw
120,華夏學校財團法人華夏科技大學,智慧車輛系,20,主任：張原彰,ycchang@go.hwh.edu.tw
121,黎明技術學院,車輛工程系,112,主任：袁平,pyuan@mail.lit.edu.tw
122,大葉大學,造形藝術學系,65,主任：黃舜星,alton888@mail.dyu.edu.tw
123,銘傳大學,數位媒體設計學系,724,主任：詹仕鑑,scchan@mail.mcu.edu.tw
124,輔仁大學,應用美術學系,535,主任：方彩欣,040057@mail.fju.edu.tw
125,輔仁大學,藝術與文化創意學士學位學程,163,主任：胡發祥,143145@mail.fju.edu.tw
126,輔仁大學,品牌與時尚經營管理碩士學位學程,7,主任：林國棟,053806@mail.fju.edu.tw
127,長庚大學,工業設計學系,154,主任：陳文誌,wenzhi@mail.cgu.edu.tw
128,大葉大學,設計學系,95,主任：何珮琪,peggyho@mail.dyu.edu.tw
129,義守大學,創意整合設計學系,73,主任：何孟穎,hh66yin@isu.edu.tw
130,義守大學,新媒體設計學系,84,主任：孫志彬,jbsuen@isu.edu.tw
131,弘光科技大學,文化設計與行銷系,324,主任：吳牧臻,janice@sunrise.hk.edu.tw
132,僑光科技大學,生活創意設計系,256,主任：李世珍,d821104@ocu.edu.tw
133,亞洲大學,創意設計學院不分系國際設計學士班,4,主任：李元榮,zone@asia.edu.tw
134,中原大學,室內設計學系,406,主任：謝淳鈺,ch0315@cycu.edu.tw
135,大葉大學,空間設計學系,148,主任：黃舜星,alton888@mail.dyu.edu.tw
136,逢甲大學,室內設計學士學位學程,286,主任：李元榮,yjlee@o365.fcu.edu.tw
137,建國科技大學,空間設計系,36,現承接主管：林睿琳,linrl@ctu.edu.tw
138,亞洲大學,室內設計學系,243,主任：施勝誠,scshih@asia.edu.tw
139,國立臺灣大學,機械工程學系,1246,系主任：郭重顯,chunghsien@ntu.edu.tw
140,國立清華大學,動力機械工程學系,868,李昌駿（系主任）,pme@pme.nthu.edu.tw
141,國立陽明交通大學,機械工程學系,852,劉耀先（教授兼系主任）,yhliu@nycu.edu.tw
142,國立中央大學,機械工程學系,1062,系主任：鍾志昂,cachung@cc.ncu.edu.tw
143,國立中興大學,機械工程學系,770,簡瑞與（特聘教授兼系主任）,rychein@dragon.nchu.edu.tw
144,國立中山大學,機械與機電工程學系,708,系主任：許聖彥,mechaa@mail.nsysu.edu.tw
145,國立中正大學,機械工程學系,604,陳永松（教授兼系主任）,imeysc@ccu.edu.tw
146,國立臺灣海洋大學,機械與機電工程學系,,溫博浚（教授兼系主任）,Jiunner@mail.ntou.edu.tw
147,國立臺灣科技大學,機械工程系,1180,徐慶琪（教授兼機械系所主任）,hsucc@mail.ntust.edu.tw
148,國立宜蘭大學,機械與機電工程學系,402,系主任：王宜達,ytwang@niu.edu.tw
149,國立成功大學,機械工程學系,1210,系主任：陳重德,em62100@email.ncku.edu.tw
150,國立成功大學,航空太空工程學系,567,系主任：詹劭勳,ssjan@mail.ncku.edu.tw
151,國立臺北科技大學,機械工程系,696,曾釋鋒（教授兼系主任）,tsf@ntut.edu.tw
152,國立虎尾科技大學,機械與電腦輔助工程系,,張文陽（系主任）,wenyang@nfu.edu.tw
153,國立虎尾科技大學,動力機械工程系,,徐烱勛（系主任）,jshsu@nfu.edu.tw
154,國立虎尾科技大學,飛機工程系,,呂文祺（系主任）,luwenchi@nfu.edu.tw
155,國立虎尾科技大學,電機工程系,946,陳厚銘（系主任）,jchen99@nfu.edu.tw
156,國立高雄科技大學,機械工程系,,蔡立仁（系主任）,liren@nkust.edu.tw
157,國立高雄科技大學,電機工程系,,辜德典（系主任）,ttku@nkust.edu.tw
158,國立屏東科技大學,機械工程系,,吳上立（系主任）,slwu@mail.npust.edu.tw
159,南臺學校財團法人南臺科技大學,機械工程系,1610,林儒禮（系主任）,ruli@mail.stust.edu.tw
160,南臺學校財團法人南臺科技大學,電機工程系,1103,陳有圳（系主任）,chenyj@mail.stust.edu.tw
161,崑山科技大學,機械工程系,,系辦正式窗口,crchen@mail.ksu.edu.tw
162,崑山科技大學,電機工程系,,系辦正式窗口,electric@mail.ksu.edu.tw
163,正修學校財團法人正修科技大學,機械工程系,,王進猷（系主任）,mech@gcloud.csu.edu.tw
164,正修學校財團法人正修科技大學,電機工程系,919,陳正義（系主任）,ectrical@gcloud.csu.edu.tw
165,明志科技大學,機械工程系,612,蔡習訓（系主任）,hhtsai@mail.mcut.edu.tw
166,明志科技大學,電機工程系,442,陳瓊安（系主任）,joannechen@mail.mcut.edu.tw
167,明新學校財團法人明新科技大學,機械工程系,385,系辦正式窗口,syc@must.edu.tw
168,明新學校財團法人明新科技大學,電機工程系,709,廖建興（系主任）,jasonarpon78@must.edu.tw
169,龍華科技大學,機械工程系,1041,陳詩豐（系主任）,dave2esc@mail.lhu.edu.tw
170,龍華科技大學,電機工程系,913,何慶祥（系主任）,ee071@gm.lhu.edu.tw
171,中原大學,機械工程學系,869,李有璋（系主任）,yclee@cycu.edu.tw
172,中原大學,電機工程學系,626,賴裕昆（系主任）,ylai@cycu.edu.tw
173,逢甲大學,機械與電腦輔助工程學系,590,戴國政（系主任）,kctai@o365.fcu.edu.tw
174,逢甲大學,航太與系統工程學系,,鄭仙志（特聘教授兼系主任）,aero@fcu.edu.tw
175,長庚大學,機械工程學系,,張耀仁（教授兼系主任）,zen@cgu.edu.tw
176,大同大學,機械與材料工程學系,329,簡昭珩（系主任）,chchien@gm.ttu.edu.tw
177,義守大學,機械與自動化工程學系,,劉芳寶（系主任）,fliu@isu.edu.tw
178,大葉大學,機械與自動化工程學系,,系辦正式窗口,me5010@mail.dyu.edu.tw
179,南亞技術學院,機械工程系,,胡凡勳（系主任）,hfs@nanya.edu.tw
180,城市學校財團法人臺北城市科技大學,機械工程系,,黃俊賢（教授兼工學院院長／機械系主任）,jshuang@tpcu.edu.tw
181,淡江大學,航空太空工程學系,,洪健君（系主任）,tenx_oa@o365.tku.edu.tw
182,淡江大學,機械與機電工程學系,,系辦正式窗口,tebx@oa.tku.edu.tw
183,元智大學,機械工程學系,,江右君（系主任）,ycchiang@saturn.yzu.edu.tw
184,元智大學,電機工程學系,,劉維昇（系主任）,wsliu@saturn.yzu.edu.tw
185,國立臺灣海洋大學,振動噪音工程研究中心（系統工程暨造船學系）,,邱進東（振動噪音工程研究中心主任）,cjt7725@mail.ntou.edu.tw
186,國立臺灣海洋大學,音響實驗室（系統工程暨造船學系）,,指導教授：湯耀期,slab.ntou@gmail.com
187,國立臺北科技大學,軌道車輛與振動噪音控制實驗室（車輛工程系）,,黃晟豪（副教授／實驗室指導教授）,hch@ntut.edu.tw
188,國立臺北科技大學,聲學智能與數據科學／機械噪音振動研究（機械工程系）,,教授：馬權威,kwma@ntut.edu.tw
189,國立宜蘭大學,振動與噪音量測實驗室（機械與機電工程學系）,,王宜達（母系特聘教授兼系主任；實驗室頁未列單獨主持人）,ytwang@niu.edu.tw
190,南臺學校財團法人南臺科技大學,汽車振動及噪音實驗室（機械工程系）,,林儒禮（母系系主任）,ruli@mail.stust.edu.tw
191,國立成功大學,機電與微系統動態實驗室（機械工程學系）,,劉建聖（母系教授兼系主任）,csliu@mail.ncku.edu.tw
192,國立雲林科技大學,機械工程系,,賴峯民（系主任）,fengmin@yuntech.edu.tw
193,國立雲林科技大學,電機工程系,,系辦正式窗口,uee@yuntech.edu.tw
194,國立雲林科技大學,電子工程系智慧電動車組,,電子工程系系辦正式窗口,uel@yuntech.edu.tw
195,國立雲林科技大學,智慧機器人學士學位學程,,學程辦公室,ufr@yuntech.edu.tw
196,國立屏東科技大學,生物機電工程系,,陳志堅（系主任）,chaucer@mail.npust.edu.tw
197,國立屏東科技大學,智慧機電學士學位學程,,徐子圭（學程主任）,ukhsu@mail.npust.edu.tw
198,國立臺北科技大學,能源與冷凍空調工程系,,李魁鵬（系主任）,kplee@ntut.edu.tw
199,國立臺北科技大學,電機工程系,,系辦正式窗口,LHPENG@ntut.edu.tw
200,國立高雄科技大學,模具工程系,,歐士輔（系主任）,M9203510@nkust.edu.tw
201,國立高雄科技大學,機電工程系精密機械組,,薛博文（系主任／母系）,hpowen@nkust.edu.tw
202,國立高雄科技大學,機電工程系智慧自動化組,,薛博文（系主任／母系）,hpowen@nkust.edu.tw
203,國立高雄科技大學,能源與冷凍空調工程系,,吳兆穎（系主任）,yarst5@nkust.edu.tw
204,國立高雄科技大學,車輛工程系,,龐大成（系主任）,pang@nkust.edu.tw
205,國立高雄科技大學,造船及海洋工程系,,張博超（系主任）,bcchang@nkust.edu.tw
206,國立高雄科技大學,輪機工程系,,楊春陵（系主任）,yangtl@nkust.edu.tw
207,國立虎尾科技大學,機械設計工程系,,林明宗（系主任）,mtlin@nfu.edu.tw
208,國立虎尾科技大學,自動化工程系,,陳俊仁（系主任）,cjchen@nfu.edu.tw
209,國立虎尾科技大學,飛機工程系航空電子組,,呂文祺（系主任／母系）,luwenchi@nfu.edu.tw
210,國立勤益科技大學,機械工程系,,黃智勇（系主任）,cyhuang@ncut.edu.tw
211,國立勤益科技大學,冷凍空調與能源系,,許智能（教授兼系主任）,cnhsu@ncut.edu.tw
212,國立勤益科技大學,智慧自動化工程系,,系辦正式窗口,iae@ncut.edu.tw
213,國立勤益科技大學,電機工程系,,葉政育（系主任）,cy.yeh@ncut.edu.tw
214,國立臺中科技大學,智慧生產工程系,,系辦正式窗口,ipe00@nutc.edu.tw
215,朝陽科技大學,航空機械系,,王玉城（系主任）,aerome@cyut.edu.tw
216,朝陽科技大學,飛行與民航人員技術系,,盧衍良（系主任）,flight@cyut.edu.tw
217,南臺學校財團法人南臺科技大學,機械工程系自動化控制組,,林儒禮（系主任）,ruli@mail.stust.edu.tw
218,南臺學校財團法人南臺科技大學,機械工程系先進車輛組,,林儒禮（系主任）,ruli@mail.stust.edu.tw
219,崑山科技大學,電動車暨智慧電子工程系,,江智偉（系主任）,cwchiang@mail.ksu.edu.tw
220,崑山科技大學,智慧機器人工程系,,王建仁（系主任）,cjw@mail.ksu.edu.tw
221,萬能科技大學,航空光機電系,421,許立根（航空光機電系主任）,slg2018@vnu.edu.tw
222,萬能科技大學,精密機械與工業工程系,,王錫澤（系主任）,htwang@vnu.edu.tw
223,建國科技大學,機械工程系,,楊士震（系主任／母系）,scyang@ctu.edu.tw
224,建國科技大學,機械工程系先進車輛組,,楊士震（系主任／母系）,scyang@ctu.edu.tw
225,建國科技大學,電機工程系,,沈慧宇（系主任）,wyshen@ctu.edu.tw
226,嶺東科技大學,智慧製造科技系,,鄭合志（系主任）,ltuimt@teamail.ltu.edu.tw
227,中信金學校財團法人中信科技大學,機械工程系,,詹添印（系主任）,tychan@mail.ctbctech.edu.tw
228,中信金學校財團法人中信科技大學,冷凍空調與能源系,,周德明（系主任）,derming@mail.ctbctech.edu.tw
229,東南科技大學,機械工程系,,吳坤齡（系主任／母系）,klwu@mail.tnu.edu.tw
230,東南科技大學,機械工程系車輛組,,吳坤齡（系主任／母系）,klwu@mail.tnu.edu.tw
231,南開科技大學,自動化工程系,,陳振華（系主任）,chenhaw@nkut.edu.tw
232,中華科技大學,航空機械系航空維修組,,吳正鵬（副教授兼航空機械系主任）,wujpcwm@cc.cust.edu.tw
233,中華科技大學,航空機械系精密機械組,,吳正鵬（副教授兼航空機械系主任）,wujpcwm@cc.cust.edu.tw
234,中華科技大學,電機與資訊工程系,,陳俊勝（系主任）,chunshen@cc.cust.edu.tw
235,僑光科技大學,機械與電腦輔助工程系,,系辦正式窗口,mcae@ocu.edu.tw
236,育達科技大學,智慧機電工程與應用系,,葉律佐（系主任）,ylt1116@ydu.edu.tw
237,吳鳳科技大學,機械與智慧製造工程系,,陳俊良（系主任）,jlchen@wfu.edu.tw
238,修平學校財團法人修平科技大學,機械工程系,,康振雄（系主任）,kang@mail.hust.edu.tw
239,敏實科技大學,智慧製造工程系,,于善淳（系主任）,aeysc@mitust.edu.tw
240,亞東科技大學,機械工程系,,陳一順（系主任）,yschen@mail.aeust.edu.tw
241,亞東科技大學,電機工程系,,王盈中（系主任）,ycwang@mail.aeust.edu.tw
242,國立臺灣師範大學,機電工程學系,,張天立（系主任）,tlchang@ntnu.edu.tw
243,國立彰化師範大學,電機與機械科技學系,,黃維澤（系主任）,vichuang@cc.ncue.edu.tw
244,國立宜蘭大學,生物機電工程學系,,蔡孟利（系主任）,mltsai@niu.edu.tw
245,國立聯合大學,機械工程學系,,潘國興（系主任）,qhphan@nuu.edu.tw
246,國立屏東大學,智慧機器人學系,,石佳弘（系主任）,hiroshi@mail.nptu.edu.tw
