school,school_code,target_departments,official_relevant_total_114,matched_official_departments,status,unmatched_target_departments
市立內湖高工,403401,資訊科；電子科；電機科；控制科；冷凍空調科,1515,冷凍空調科=204；控制科=196；資訊科=301；電子科=415；電機科=399,AUTO_MATCHED,
市立南港高工,393401,汽車科；重機科；汽車修護科；機械科,563,機械科=200；汽車修護科=12；汽車科=192；重機科=159,AUTO_MATCHED,
市立士林高商,413401,廣告設計科,284,廣告設計科=284,AUTO_MATCHED,
市立大安高工,333401,圖文傳播；汽車；汽車修護；機械科；資訊科,983,圖文傳播科=207；圖文傳播科=44；機械科=204；機械科=34；汽車修護科=0；汽車科=212；汽車科=61；資訊科=221,AUTO_MATCHED,
市立木柵高工,383401,多媒體設計科；機械科,466,多媒體設計科=191；機械科=275,AUTO_MATCHED,
市立松山家商,323401,廣告設計科,303,廣告設計科=303,AUTO_MATCHED,
私立南華高中進修學校,351B09,多媒體應用科,82,多媒體應用科=82,AUTO_MATCHED,
私立大同高中,341302,機械科；電子科；資訊科,152,資訊科=152,REVIEW_PARTIAL,機械；電子
私立大誠高中,381303,115學年度日間招生未列設計群（舊制曾設室內空間設計科）,,,NO_ACTIVE_TARGET,
私立志仁中學進修學校,361B09,多媒體設計科,158,多媒體設計科=158,AUTO_MATCHED,
私立惇敍工商,421404,汽車；汽車修護,137,汽車修護科=7；汽車科=130,AUTO_MATCHED,
私立景文高中,381305,室內空間設計科；廣告設計科；資訊科,181,室內空間設計科=61；廣告設計科=90；資訊科=30,AUTO_MATCHED,
私立泰北高中,411301,美工科；廣告設計科；多媒體設計科,339,多媒體設計科=124；廣告設計科=113；美工科=102,AUTO_MATCHED,
私立滬江高中,381302,室內空間設計科,51,室內空間設計科=51,AUTO_MATCHED,
私立稻江高商,361401,廣告設計科,229,廣告設計科=229,AUTO_MATCHED,
私立育達高中,311401,多媒體設計科,331,多媒體設計科=331,AUTO_MATCHED,
私立金甌女中,331302,多媒體設計科,176,多媒體設計科=176,AUTO_MATCHED,
臺北市立松山工農,323402,機械科；資訊科,465,機械科=211；資訊科=254,AUTO_MATCHED,
臺北市開南高中,351402,廣告設計科；資訊科,177,廣告設計科=59；資訊科=118,AUTO_MATCHED,
市立三重商工,013430,汽車科；機械科,487,機械科=208；機械科=34；汽車科=211；汽車科=34,AUTO_MATCHED,
市立光復高中,014363,多媒體設計學程（綜合高中）,,,NO_DEPT_MATCH,多媒體設計學程
市立新北高工,013433,汽車；汽車修護；機械科；資訊科,816,機械科=207；機械科=47；汽車修護科=0；汽車科=221；汽車科=82；資訊科=215；資訊科=44,AUTO_MATCHED,
市立樟樹國際實中,014468,資訊科,148,資訊科=148,AUTO_MATCHED,
市立泰山高中,013303,汽車科；機械科,447,機械科=185；汽車科=204；汽車科=58,AUTO_MATCHED,
市立淡水商工,013434,資訊科；電子科；控制科；電機科,601,控制科=121；資訊科=162；電子科=148；電機科=170,AUTO_MATCHED,
市立瑞芳高工,013402,室內空間設計科；機械科；資訊科,230,室內空間設計科=83；機械科=92；資訊科=44；資訊科=11,AUTO_MATCHED,
市立鶯歌工商,014439,美術工藝科；陶瓷工程科；廣告設計科；多媒體設計科；資訊科,1247,多媒體設計科=81；廣告設計科=350；廣告設計科=32；美術工藝科=192；資訊科=300；資訊科=37；陶瓷工程科=255,AUTO_MATCHED,
私立南強工商,011408,汽車,65,汽車科=65,AUTO_MATCHED,
私立復興商工,011407,美工科；廣告設計科；室內設計科,2478,室內設計科=462；室內設計科=49；廣告設計科=1078；廣告設計科=66；美工科=722；美工科=101,AUTO_MATCHED,
私立智光商工,011420,多媒體設計科；機械科；資訊科,343,多媒體設計科=142；機械科=111；資訊科=86；資訊科=4,AUTO_MATCHED,
私立東海高中,011315,汽車；資訊科,255,汽車科=185；資訊科=70,AUTO_MATCHED,
私立格致高中,011316,115學年度未查得設計群招生（原設計群服務名單）,,,NO_ACTIVE_TARGET,
私立樹人家商,011405,資訊科,244,資訊科=244,AUTO_MATCHED,
私立淡江高中,011301,廣告設計學程（綜合高中）,,,NO_DEPT_MATCH,廣告設計學程
私立穀保家商,011413,多媒體設計科,208,多媒體設計科=208,AUTO_MATCHED,
私立能仁家商,011426,多媒體設計科；廣告設計科,68,多媒體設計科=1；廣告設計科=67,AUTO_MATCHED,
私立莊敬工家,011431,汽車科；資訊科,911,汽車科=45；資訊科=866,AUTO_MATCHED,
私立豫章工商,011427,多媒體設計科；資訊科,111,資訊科=111,REVIEW_PARTIAL,多媒體設計
國立基隆商工,170404,廣告設計科；美工科；廣告設計學程（綜合高中）；廣告技術科（實用技能）；資訊科,194,廣告技術科=21；廣告設計科=86；資訊科=87,REVIEW_PARTIAL,美工；廣告設計學程
國立海洋大學附屬基隆海事,170403,資訊科,69,資訊科=69,AUTO_MATCHED,
私立二信高中,171306,廣告設計科；機械科；電機科,473,廣告設計科=142；機械科=112；電機科=219,AUTO_MATCHED,
世紀綠能工商,031414,機械科；汽車科；資訊科,789,機械科=378；汽車科=111；資訊科=300,AUTO_MATCHED,
國立臺北科技大學附屬桃園農工,030403,汽車；動力機械；機械科,639,動力機械科=109；機械科=212；機械科=34；汽車科=210；汽車科=74,AUTO_MATCHED,
市立壽山高中,034314,廣告設計,242,廣告設計科=242,AUTO_MATCHED,
市立楊梅高中,033316,資訊科,210,資訊科=210,AUTO_MATCHED,
方曙商工,031415,飛機修護科；資訊科,54,資訊科=39；飛機修護科=15,AUTO_MATCHED,
桃園市啟英高中,031318,廣告設計科；室內設計科；資訊科,784,室內設計科=195；廣告設計科=187；資訊科=402,AUTO_MATCHED,
大興學校財團法人桃園市大興高級中等學校,031324,飛機修護科；電機科,364,電機科=127；飛機修護科=237,AUTO_MATCHED,
桃園市振聲高中,031313,廣告設計科；多媒體設計科；資訊科,858,多媒體設計科=285；廣告設計科=270；資訊科=280；資訊科=23,AUTO_MATCHED,
桃園市私立新興高中,031320,機械科；資訊科；電子科；汽車科；飛機修護科,1429,機械科=273；汽車科=284；資訊科=256；電子科=284；飛機修護科=332,AUTO_MATCHED,
桃園市立龍潭高中,033302,機械科,106,機械科=106,AUTO_MATCHED,
桃園市育達高中,031309,廣告設計科；多媒體設計科；資訊科,745,多媒體設計科=240；廣告設計科=303；資訊科=202,AUTO_MATCHED,
私立光啟高中,031317,汽車；機械科；資訊科,376,機械科=40；汽車科=75；資訊科=261,AUTO_MATCHED,
私立六和高中,031310,多媒體設計科；資訊科,231,多媒體設計科=111；資訊科=120,AUTO_MATCHED,
私立永平工商,031421,廣告設計科；資訊科,254,廣告設計科=114；資訊科=140,AUTO_MATCHED,
私立治平高中,031312,資訊科,145,資訊科=145,AUTO_MATCHED,
私立清華高中,031319,資訊科,29,資訊科=29,AUTO_MATCHED,
私立至善高中,031323,家具木工科,76,家具木工科=76,AUTO_MATCHED,
國立新竹高工,180404,室內空間設計科；機械科；資訊科,647,室內空間設計科=173；機械科=216；機械科=35；資訊科=223,AUTO_MATCHED,
市立香山高中,183307,美術工藝科,214,美術工藝科=214,AUTO_MATCHED,
新竹市私立磐石高中,181307,機械科,276,機械科=276,AUTO_MATCHED,
私立世界高中,181308,美工科,15,美工科=15,AUTO_MATCHED,
私立光復高中,181305,室內設計科；廣告設計科；多媒體設計科；資訊科,731,多媒體設計科=146；室內設計科=121；廣告設計科=123；資訊科=341,AUTO_MATCHED,
國立陽明交大附中,040308,資訊科,112,資訊科=112,AUTO_MATCHED,
私立內思高工,041401,多媒體設計科；機械科；資訊科,425,多媒體設計科=100；機械科=142；資訊科=183,AUTO_MATCHED,
私立東泰高中,041306,汽車；汽車修護；資訊科,269,汽車修護科=26；汽車科=61；汽車科=64；資訊科=118,AUTO_MATCHED,
私立義民高中,041303,廣告設計科；資訊科,695,廣告設計科=272；資訊科=423,AUTO_MATCHED,
縣立自強高工,044428,資訊科,,,NO_SCHOOL_MATCH,資訊
國立大湖農工,050401,室內空間設計科；機械科,138,室內空間設計科=70；機械科=68,AUTO_MATCHED,
國立苗栗農工,050404,機械科,190,機械科=190,AUTO_MATCHED,
國立苗栗高商,050407,多媒體設計科,109,多媒體設計科=109,AUTO_MATCHED,
私立中興商工,051408,資訊科,44,資訊科=44,AUTO_MATCHED,
私立君毅高中,051302,資訊科,160,資訊科=160,AUTO_MATCHED,
私立龍德家商,051413,家具木工科,11,家具木工科=11,AUTO_MATCHED,
縣立三義高中,054308,多媒體設計科,81,多媒體設計=5；多媒體設計科=76,AUTO_MATCHED,
縣立苑裡高中,054309,廣告設計科,90,廣告設計科=90,AUTO_MATCHED,
市立大甲高中,063303,廣告設計學程（綜合高中）,,,NO_DEPT_MATCH,廣告設計學程
市立東勢高工,063404,家具設計科；室內空間設計科；機械科；資訊科,479,室內空間設計科=94；家具設計科=88；機械科=171；機械科=22；資訊科=91；資訊科=13,AUTO_MATCHED,
市立沙鹿高工,063407,汽車科；機械科；資訊科,694,機械科=300；機械科=47；汽車科=191；汽車科=54；資訊科=102,AUTO_MATCHED,
市立臺中家商,193404,服裝設計科；服裝製作科（實用技能）,20,服裝製作科=20,REVIEW_PARTIAL,服裝設計
市立臺中高工,193407,圖文傳播科；機械科；資訊科,918,圖文傳播科=212；機械科=452；機械科=34；資訊科=220,AUTO_MATCHED,
私立僑泰高中,061314,廣告設計；多媒體設計；室內設計；汽車；汽車修護；機械科；資訊科,1442,多媒體設計科=250；室內設計科=253；廣告設計科=131；機械科=235；汽車修護科=118；汽車科=257；汽車科=78；資訊科=120,AUTO_MATCHED,
私立嶺東高中,191314,廣告設計科；多媒體設計科；資訊科,584,多媒體設計科=257；廣告設計科=124；資訊科=203,AUTO_MATCHED,
私立慈明高中,061321,廣告設計科（動漫設計特色）；資訊科,345,廣告設計科=1；資訊科=344,AUTO_MATCHED,
私立新民高中,191305,廣告設計科；多媒體設計科；機械科；資訊科,923,多媒體設計科=277；多媒體設計科=85；廣告設計科=130；機械科=135；機械科=46；資訊科=250,AUTO_MATCHED,
私立明台高中,061306,室內設計科,105,室內設計科=105,AUTO_MATCHED,
私立明德高中,191309,廣告設計科,68,廣告設計科=68,AUTO_MATCHED,
私立明道高中,061313,美工；廣告設計；資訊科,936,廣告設計科=402；美工科=274；資訊科=260,AUTO_MATCHED,
私立青年高中,061316,汽車；汽車修護；資訊科,708,汽車修護科=31；汽車科=250；資訊科=427,AUTO_MATCHED,
臺中市大明高中,061310,美工科；廣告設計科,352,廣告設計科=217；美工科=135,AUTO_MATCHED,
臺中市私立致用高中,061309,機械科；資訊科；電子科；汽車科,415,機械科=132；汽車科=88；資訊科=175；電子科=20,AUTO_MATCHED,
臺中市立大甲高工,063402,機械科；製圖科；電機科；電子科；資訊科,802,機械科=191；製圖科=95；資訊科=106；電子科=205；電機科=205,AUTO_MATCHED,
臺中市立神岡高工,064406,機械科,203,機械科=203,AUTO_MATCHED,
臺中市立霧峰農工,063408,機械科,258,機械科=258,AUTO_MATCHED,
財團法人光華高工,191412,115現行招生頁未列設計群（舊制曾設室內空間設計科）；機械科；資訊科,10,機械科=10；資訊科=0,AUTO_MATCHED,
國立二林工商,070403,室內空間設計科；裝潢技術科（實用技能）；機械科,262,室內空間設計科=88；機械科=149；裝潢技術科=25,AUTO_MATCHED,
國立北斗家商,070415,廣告設計科,293,廣告設計科=293,AUTO_MATCHED,
國立員林崇實高工,070409,室內空間設計科；家具設計科；裝潢技術科（實用技能）；資訊科,341,室內空間設計科=104；室內空間設計科=33；家具設計科=101；資訊科=103,REVIEW_PARTIAL,裝潢技術
國立員林農工,070408,機械科,196,機械科=196,AUTO_MATCHED,
國立彰化高商,070406,廣告設計科,206,廣告設計科=206,AUTO_MATCHED,
國立彰師附工,070401,汽車科；機械科；資訊科,581,機械科=222；機械科=19；汽車科=176；汽車科=36；資訊科=107；資訊科=21,AUTO_MATCHED,
國立永靖高工,070402,室內空間設計科；機械科；資訊科,426,室內空間設計科=92；室內空間設計科=11；機械科=217；機械科=0；資訊科=98；資訊科=8,AUTO_MATCHED,
國立秀水高工,070405,室內空間設計科；機械科,495,室內空間設計科=107；室內空間設計科=53；機械科=296；機械科=39,AUTO_MATCHED,
私立文興高中,071317,多媒體設計科,36,多媒體設計=36,AUTO_MATCHED,
國立南投高中,080302,美工科,98,美工科=98,AUTO_MATCHED,
國立埔里高工,080403,機械科；電機科；資訊科；電腦繪圖科,284,機械科=73；資訊科=52；電機科=146；電腦繪圖科=13,AUTO_MATCHED,
國立水里商工,080410,資訊科,29,資訊科=14；資訊科=15,AUTO_MATCHED,
國立竹山高中,080307,廣告設計科；多媒體設計科,169,多媒體設計科=91；廣告設計科=78,AUTO_MATCHED,
國立草屯商工,080406,機械科,222,機械科=192；機械科=30,AUTO_MATCHED,
國立北港農工,090404,機械科；資訊科,117,機械科=66；資訊科=51,AUTO_MATCHED,
國立土庫商工,090413,美工科；廣告設計科,205,廣告設計科=103；美工科=102,AUTO_MATCHED,
國立斗六家商,090403,廣告設計科,202,廣告設計科=202,AUTO_MATCHED,
國立虎尾農工,090401,機械科,101,機械科=101,AUTO_MATCHED,
國立西螺農工,090402,機械科；汽車科；電子科；電機科；生物產業機電科,517,機械科=96；汽車科=103；生物產業機電科=101；電子科=94；電機科=109；電機科=14,AUTO_MATCHED,
私立大德工商,091414,資訊科,43,資訊科=43,AUTO_MATCHED,
私立大成商工,091410,多媒體設計科；資訊科,,,NO_DEPT_MATCH,多媒體設計；資訊
國立嘉義高商,200406,廣告設計科,186,廣告設計科=186,AUTO_MATCHED,
國立嘉義高工,200405,室內空間設計科；機械科,329,室內空間設計科=101；室內空間設計科=35；機械科=193,AUTO_MATCHED,
國立華南高商,200401,美工科；廣告設計科,175,廣告設計科=118；美工科=57,AUTO_MATCHED,
私立東吳工家,201408,多媒體技術；汽車；汽車修護；資訊科,698,多媒體技術科=73；汽車修護科=79；汽車科=50；資訊科=496,AUTO_MATCHED,
私立輔仁高中,201312,廣告設計科,0,廣告設計科=0,AUTO_MATCHED,
國立東石高中,100301,機械科,163,機械科=163,AUTO_MATCHED,
國立民雄農工,100402,汽車；機車修護；機械科,246,機械科=89；機車修護科=28；汽車科=129,AUTO_MATCHED,
私立萬能工商,101406,多媒體設計科；資訊科,587,資訊科=587,REVIEW_PARTIAL,多媒體設計
國立北門農工,110404,機械科,117,機械科=117,AUTO_MATCHED,
國立後壁高中,110314,美工科；廣告設計科；多媒體設計科；室內空間設計科；資訊科,278,多媒體設計科=71；室內空間設計科=71；廣告設計科=40；美工科=63；資訊科=33,AUTO_MATCHED,
國立成大附屬南工,110409,室內空間設計；汽車；飛機修護；汽車修護；機械科；資訊科,873,室內空間設計科=36；機械科=318；機械科=23；汽車修護科=28；汽車科=111；資訊科=214；資訊科=33；飛機修護科=110,AUTO_MATCHED,
國立新化高工,110401,機械科；資訊科,182,機械科=89；資訊科=93,AUTO_MATCHED,
國立新營高工,110406,機械科；資訊科,174,機械科=117；資訊科=57,AUTO_MATCHED,
國立新豐高中,110302,廣告設計學程（綜合高中）,,,NO_DEPT_MATCH,廣告設計學程
國立曾文家商,110405,廣告設計科；廣告技術科（實用技能）,177,廣告技術科=76；廣告設計科=101,AUTO_MATCHED,
國立曾文農工,110410,機械科,57,機械科=57,AUTO_MATCHED,
國立玉井工商,110407,廣告設計科,46,廣告設計科=46,AUTO_MATCHED,
國立白河商工,110403,機械科；資訊科,44,機械科=12；資訊科=32,AUTO_MATCHED,
國立臺南高商,210408,廣告設計科,205,廣告設計科=205,AUTO_MATCHED,
私立六信高中,211314,資訊科（建教/僑生專班）,173,資訊科=173,AUTO_MATCHED,
私立南英商工,211407,汽車,115,汽車科=99；汽車科=16,AUTO_MATCHED,
私立慈幼工商,211419,汽車；汽車修護；資訊科,358,汽車修護科=96；汽車科=104；汽車科=64；資訊科=39；資訊科=55,AUTO_MATCHED,
私立育德工家,111427,多媒體技術；汽車；飛機修護；汽車修護,70,多媒體技術科=11；汽車修護科=7；汽車科=15；飛機修護科=37；飛機修護科=0,AUTO_MATCHED,
私立長榮高中,私立長榮高中,廣告設計科；多媒體設計科；資訊科,301,多媒體設計科=109；廣告設計科=119；資訊科=73,AUTO_MATCHED,
私立陽明工商,111419,家具木工科（114仍有在學資料；115停招/停止招生狀態）,,,NO_DEPT_MATCH,家具木工科(114仍有在學資料
臺南市光華高中,臺南市光華高中,多媒體設計科,308,多媒體設計=45；多媒體設計科=263,AUTO_MATCHED,
國立岡山農工,120402,室內空間設計科；機械科；資訊科,384,室內空間設計科=77；機械科=169；機械科=32；資訊科=91；資訊科=15,AUTO_MATCHED,
國立旗山農工,120401,機械科；電機科；汽車科；生物機電科,202,機械科=14；汽車科=64；電機科=124,REVIEW_PARTIAL,生物機電
國立旗美高中,120311,多媒體設計科,78,多媒體設計科=78,AUTO_MATCHED,
國立鳳山商工,120409,家具設計科；室內空間設計科；機械科,655,室內空間設計科=207；室內空間設計科=48；家具設計科=93；機械科=307,AUTO_MATCHED,
市立三民家商,533402,多媒體設計科,,,NO_DEPT_MATCH,多媒體設計
市立中正高工,593401,圖文傳播科；機械科；資訊科,400,機械科=204；資訊科=196,REVIEW_PARTIAL,圖文傳播
新光學校財團法人高雄市新光高級中學,121306,資訊科,9,資訊科=9,AUTO_MATCHED,
市立海青工商,533401,美工科；廣告設計科；室內設計科；資訊科,835,室內空間設計科=202；廣告設計科=201；廣告設計科=38；美工科=195；資訊科=199,AUTO_MATCHED,
市立高雄高商,563401,廣告設計科,212,廣告設計科=212,AUTO_MATCHED,
市立高雄高工,553401,圖文傳播科；機械科；資訊科,915,圖文傳播科=207；機械科=424；機械科=35；資訊科=215；資訊科=34,AUTO_MATCHED,
私立三信家商,581402,廣告設計科,159,廣告設計科=159,AUTO_MATCHED,
私立中山工商,121405,多媒體設計科；資訊科,908,多媒體設計科=105；資訊科=803,AUTO_MATCHED,
私立樹德家商,551402,廣告設計科,315,廣告設計科=315,AUTO_MATCHED,
私立立志高中,551301,資訊科；電子科,100,資訊科=90；資訊科=0；電子科=10,AUTO_MATCHED,
私立華德工家,121415,資訊科；飛機修護科,173,資訊科=162；飛機修護科=11,AUTO_MATCHED,
私立高苑工商,121417,資訊科；電機科；汽車科,497,汽車科=57；資訊科=326；資訊科=31；電機科=83,AUTO_MATCHED,
私立高英工商,121413,115學年度高雄區現行技高群科表未列設計群（原服務名單）；資訊科,45,資訊科=45,AUTO_MATCHED,
國立內埔農工,130401,機械科；電機科；汽車科,136,機械科=23；汽車科=67；電機科=46,AUTO_MATCHED,
國立屏東高工,130403,機械科,205,機械科=205,AUTO_MATCHED,
國立恆春工商,130417,資訊科,20,資訊科=20,AUTO_MATCHED,
私立民生家商,131409,多媒體設計科,0,多媒體設計科=0,AUTO_MATCHED,
財團法人屏榮高中,131307,多媒體設計科；資訊科,300,多媒體設計科=241；資訊科=59,AUTO_MATCHED,
國立宜蘭高商,020403,多媒體設計科；資訊科,222,多媒體設計=16；多媒體設計科=106；資訊科=100,AUTO_MATCHED,
國立羅東高商,020404,多媒體設計科,148,多媒體設計=42；多媒體設計科=106,AUTO_MATCHED,
國立羅東高工,020407,汽車；汽車修護；機械科；資訊科,394,機械科=135；汽車修護科=24；汽車科=146；汽車科=0；資訊科=89,AUTO_MATCHED,
國立玉里高中,150309,廣告設計科,34,廣告設計科=34,AUTO_MATCHED,
國立花蓮高商,150405,多媒體設計科,100,多媒體設計科=100,AUTO_MATCHED,
國立花蓮高工,150404,機械科；資訊科,81,機械科=36；資訊科=45,AUTO_MATCHED,
私立海星高中,151306,115學年度未查得獨立設計群科招生（原設計群服務名單）,,,NO_ACTIVE_TARGET,
國立臺東專科學校附設高職部,140401,室內空間設計科；機械科；資訊科,126,室內空間設計科=60；機械科=21；資訊科=45,AUTO_MATCHED,
國立臺東高商,140405,廣告設計科,87,廣告設計科=87,AUTO_MATCHED,
私立公東高工,141406,家具木工科；室內空間設計科；機械科,137,室內空間設計科=58；家具木工科=59；機械科=20,AUTO_MATCHED,
國立澎湖海事水產,160401,資訊科,39,資訊科=39,AUTO_MATCHED,
國立金門農工,710401,機工科（機械群）；電機科；電子科；汽車科,252,汽車科=79；電子科=72；電機科=94；電機科=7,REVIEW_PARTIAL,機工
