school,school_code,official_scope_total_114,official_scope_departments,status,old_target_departments,old_target_total_114,scope_rule
市立內湖高工,403401,1515,冷凍空調科=204；控制科=196；資訊科=301；電子科=415；電機科=399,FINAL_SCOPE_MATCHED,資訊科；電子科；電機科；控制科；冷凍空調科,1515,114官方現行科別；設計/汽車/機械/電機電子資訊/航空相關科別全納入
市立南港高工,393401,1200,冷凍空調科=208；機械加工科=12；機械科=200；汽車修護科=12；汽車科=192；重機科=159；電子科=208；電機科=209,FINAL_SCOPE_MATCHED,汽車科；重機科；汽車修護科；機械科,563,114官方現行科別；設計/汽車/機械/電機電子資訊/航空相關科別全納入
市立士林高商,413401,284,廣告設計科=284,FINAL_SCOPE_MATCHED,廣告設計科,284,114官方現行科別；設計/汽車/機械/電機電子資訊/航空相關科別全納入
市立大安高工,333401,2353,冷凍空調科=219；圖文傳播科=207；圖文傳播科=44；控制科=216；機械修護科=11；機械技術=24；機械科=204；機械科=34；汽車修護科=0；汽車科=212；汽車科=61；製圖科=1；資訊技術=73；資訊科=221；電子科=222；電子科=46；電機技術=73；電機科=224；電機科=49；電腦機械製圖科=212,FINAL_SCOPE_MATCHED,圖文傳播；汽車；汽車修護；機械科；資訊科,983,114官方現行科別；設計/汽車/機械/電機電子資訊/航空相關科別全納入
市立木柵高工,383401,1149,冷凍空調科=105；多媒體設計科=191；機械科=275；製圖科=187；電子科=193；電機科=198,FINAL_SCOPE_MATCHED,多媒體設計科；機械科,466,114官方現行科別；設計/汽車/機械/電機電子資訊/航空相關科別全納入
市立松山家商,323401,510,室內設計科=207；廣告設計科=303,FINAL_SCOPE_MATCHED,廣告設計科,303,114官方現行科別；設計/汽車/機械/電機電子資訊/航空相關科別全納入
私立南華高中進修學校,351B09,82,多媒體應用科=82,FINAL_SCOPE_MATCHED,多媒體應用科,82,114官方現行科別；設計/汽車/機械/電機電子資訊/航空相關科別全納入
私立大同高中,341302,152,資訊科=152,FINAL_SCOPE_MATCHED,機械科；電子科；資訊科,152,114官方現行科別；設計/汽車/機械/電機電子資訊/航空相關科別全納入
私立大誠高中,381303,25,室內空間設計科=8；汽車科=5；汽車科=12,FINAL_SCOPE_MATCHED,115學年度日間招生未列設計群（舊制曾設室內空間設計科）,8,114官方現行科別；設計/汽車/機械/電機電子資訊/航空相關科別全納入
私立志仁中學進修學校,361B09,158,多媒體設計科=158,FINAL_SCOPE_MATCHED,多媒體設計科,158,114官方現行科別；設計/汽車/機械/電機電子資訊/航空相關科別全納入
私立惇敍工商,421404,137,汽車修護科=7；汽車科=130；電機科=0,FINAL_SCOPE_MATCHED,汽車；汽車修護,137,114官方現行科別；設計/汽車/機械/電機電子資訊/航空相關科別全納入
私立景文高中,381305,181,室內空間設計科=61；廣告設計科=90；資訊科=30,FINAL_SCOPE_MATCHED,室內空間設計科；廣告設計科；資訊科,181,114官方現行科別；設計/汽車/機械/電機電子資訊/航空相關科別全納入
私立泰北高中,411301,339,多媒體設計科=124；廣告設計科=113；美工科=102,FINAL_SCOPE_MATCHED,美工科；廣告設計科；多媒體設計科,339,114官方現行科別；設計/汽車/機械/電機電子資訊/航空相關科別全納入
私立滬江高中,381302,85,室內空間設計科=51；航空電子科=34,FINAL_SCOPE_MATCHED,室內空間設計科,51,114官方現行科別；設計/汽車/機械/電機電子資訊/航空相關科別全納入
私立稻江高商,361401,229,廣告設計科=229,FINAL_SCOPE_MATCHED,廣告設計科,229,114官方現行科別；設計/汽車/機械/電機電子資訊/航空相關科別全納入
私立育達高中,311401,331,多媒體設計科=331,FINAL_SCOPE_MATCHED,多媒體設計科,331,114官方現行科別；設計/汽車/機械/電機電子資訊/航空相關科別全納入
私立金甌女中,331302,176,多媒體設計科=176,FINAL_SCOPE_MATCHED,多媒體設計科,176,114官方現行科別；設計/汽車/機械/電機電子資訊/航空相關科別全納入
臺北市立松山工農,323402,1154,機械科=211；汽車科=212；資訊科=254；電子技術=44；電子科=217；電機科=216,FINAL_SCOPE_MATCHED,機械科；資訊科,465,114官方現行科別；設計/汽車/機械/電機電子資訊/航空相關科別全納入
臺北市開南高中,351402,483,廣告設計科=59；機電科=57；汽車科=162；資訊科=118；電機科=87,FINAL_SCOPE_MATCHED,廣告設計科；資訊科,177,114官方現行科別；設計/汽車/機械/電機電子資訊/航空相關科別全納入
市立三重商工,013430,726,機械科=208；機械科=34；汽車科=211；汽車科=34；汽車美容服務科=35；製圖科=204；製圖科=0,FINAL_SCOPE_MATCHED,汽車科；機械科,487,114官方現行科別；設計/汽車/機械/電機電子資訊/航空相關科別全納入
市立光復高中,014363,40,多媒體設計=40,FINAL_SCOPE_MATCHED,多媒體設計學程（綜合高中）,40,114官方現行科別；設計/汽車/機械/電機電子資訊/航空相關科別全納入
市立新北高工,013433,1454,機械科=207；機械科=47；汽車修護科=0；汽車科=221；汽車科=82；汽車美容服務科=28；製圖科=282；資訊科=215；資訊科=44；電機科=328,FINAL_SCOPE_MATCHED,汽車；汽車修護；機械科；資訊科,816,114官方現行科別；設計/汽車/機械/電機電子資訊/航空相關科別全納入
市立樟樹國際實中,014468,405,多媒體動畫科=159；流行服飾科=98；資訊科=148,FINAL_SCOPE_MATCHED,資訊科,148,114官方現行科別；設計/汽車/機械/電機電子資訊/航空相關科別全納入
市立泰山高中,013303,884,機械科=185；汽車科=204；汽車科=58；電子科=208；電子科=25；電機科=204,FINAL_SCOPE_MATCHED,汽車科；機械科,447,114官方現行科別；設計/汽車/機械/電機電子資訊/航空相關科別全納入
市立淡水商工,013434,601,控制科=121；資訊科=162；電子科=148；電機科=170,FINAL_SCOPE_MATCHED,資訊科；電子科；控制科；電機科,601,114官方現行科別；設計/汽車/機械/電機電子資訊/航空相關科別全納入
市立瑞芳高工,013402,473,室內空間設計科=83；機械科=92；資訊應用=31；資訊科=44；資訊科=11；電子科=42；電機科=89；電機科=29；電腦機械製圖科=52,FINAL_SCOPE_MATCHED,室內空間設計科；機械科；資訊科,230,114官方現行科別；設計/汽車/機械/電機電子資訊/航空相關科別全納入
市立鶯歌工商,014439,1247,多媒體設計科=81；廣告設計科=350；廣告設計科=32；美術工藝科=192；資訊科=300；資訊科=37；陶瓷工程科=255,FINAL_SCOPE_MATCHED,美術工藝科；陶瓷工程科；廣告設計科；多媒體設計科；資訊科,1247,114官方現行科別；設計/汽車/機械/電機電子資訊/航空相關科別全納入
私立南強工商,011408,88,汽車科=65；資訊科=23,FINAL_SCOPE_MATCHED,汽車,65,114官方現行科別；設計/汽車/機械/電機電子資訊/航空相關科別全納入
私立復興商工,011407,2478,室內設計科=462；室內設計科=49；廣告設計科=1078；廣告設計科=66；美工科=722；美工科=101,FINAL_SCOPE_MATCHED,美工科；廣告設計科；室內設計科,2478,114官方現行科別；設計/汽車/機械/電機電子資訊/航空相關科別全納入
私立智光商工,011420,428,多媒體設計科=142；機械科=111；資訊科=86；資訊科=4；電子科=85,FINAL_SCOPE_MATCHED,多媒體設計科；機械科；資訊科,343,114官方現行科別；設計/汽車/機械/電機電子資訊/航空相關科別全納入
私立東海高中,011315,482,多媒體動畫科=104；汽車科=185；資訊科=70；電子科=123,FINAL_SCOPE_MATCHED,汽車；資訊科,255,114官方現行科別；設計/汽車/機械/電機電子資訊/航空相關科別全納入
私立格致高中,011316,0,,FINAL_ZERO_NO_RELEVANT_114_DEPT,115學年度未查得設計群招生（原設計群服務名單）,0,114官方現行科別；設計/汽車/機械/電機電子資訊/航空相關科別全納入
私立樹人家商,011405,244,資訊科=244,FINAL_SCOPE_MATCHED,資訊科,244,114官方現行科別；設計/汽車/機械/電機電子資訊/航空相關科別全納入
私立淡江高中,011301,41,廣告設計=41,FINAL_SCOPE_MATCHED,廣告設計學程（綜合高中）,41,114官方現行科別；設計/汽車/機械/電機電子資訊/航空相關科別全納入
私立穀保家商,011413,208,多媒體設計科=208,FINAL_SCOPE_MATCHED,多媒體設計科,208,114官方現行科別；設計/汽車/機械/電機電子資訊/航空相關科別全納入
私立能仁家商,011426,68,多媒體設計科=1；廣告設計科=67,FINAL_SCOPE_MATCHED,多媒體設計科；廣告設計科,68,114官方現行科別；設計/汽車/機械/電機電子資訊/航空相關科別全納入
私立莊敬工家,011431,1040,多媒體動畫科=105；汽車科=45；流行服飾科=24；資訊科=866,FINAL_SCOPE_MATCHED,汽車科；資訊科,911,114官方現行科別；設計/汽車/機械/電機電子資訊/航空相關科別全納入
私立豫章工商,011427,229,資訊科=111；電機科=118,FINAL_SCOPE_MATCHED,多媒體設計科；資訊科,111,114官方現行科別；設計/汽車/機械/電機電子資訊/航空相關科別全納入
國立基隆商工,170404,444,廣告技術科=21；廣告設計科=86；航空電子科=81；資訊科=87；電機科=169,FINAL_SCOPE_MATCHED,廣告設計科；美工科；廣告設計學程（綜合高中）；廣告技術科（實用技能）；資訊科,194,114官方現行科別；設計/汽車/機械/電機電子資訊/航空相關科別全納入
國立海洋大學附屬基隆海事,170403,74,船舶機電科=5；資訊科=69,FINAL_SCOPE_MATCHED,資訊科,69,114官方現行科別；設計/汽車/機械/電機電子資訊/航空相關科別全納入
私立二信高中,171306,473,廣告設計科=142；機械科=112；電機科=219,FINAL_SCOPE_MATCHED,廣告設計科；機械科；電機科,473,114官方現行科別；設計/汽車/機械/電機電子資訊/航空相關科別全納入
世紀綠能工商,031414,789,機械科=378；汽車科=111；資訊科=300,FINAL_SCOPE_MATCHED,機械科；汽車科；資訊科,789,114官方現行科別；設計/汽車/機械/電機電子資訊/航空相關科別全納入
國立臺北科技大學附屬桃園農工,030403,1375,動力機械科=109；機械科=212；機械科=34；汽車科=210；汽車科=74；生物產業機電科=220；電子科=217；電子科=30；電機科=229；電機科=40,FINAL_SCOPE_MATCHED,汽車；動力機械；機械科,639,114官方現行科別；設計/汽車/機械/電機電子資訊/航空相關科別全納入
市立壽山高中,034314,242,廣告設計科=242,FINAL_SCOPE_MATCHED,廣告設計,242,114官方現行科別；設計/汽車/機械/電機電子資訊/航空相關科別全納入
市立楊梅高中,033316,317,資訊科=210；電子科=107,FINAL_SCOPE_MATCHED,資訊科,210,114官方現行科別；設計/汽車/機械/電機電子資訊/航空相關科別全納入
方曙商工,031415,54,資訊科=39；飛機修護科=15,FINAL_SCOPE_MATCHED,飛機修護科；資訊科,54,114官方現行科別；設計/汽車/機械/電機電子資訊/航空相關科別全納入
桃園市啟英高中,031318,1354,室內設計科=195；廣告設計科=187；微電腦修護科=26；汽車修護科=197；汽車修護科=105；汽車科=242；資訊科=402,FINAL_SCOPE_MATCHED,廣告設計科；室內設計科；資訊科,784,114官方現行科別；設計/汽車/機械/電機電子資訊/航空相關科別全納入
大興學校財團法人桃園市大興高級中等學校,031324,547,多媒體應用科=57；汽車修護科=16；汽車科=82；資訊科=28；電機修護科=0；電機科=127；飛機修護科=237,FINAL_SCOPE_MATCHED,飛機修護科；電機科,364,114官方現行科別；設計/汽車/機械/電機電子資訊/航空相關科別全納入
桃園市振聲高中,031313,858,多媒體設計科=285；廣告設計科=270；資訊科=280；資訊科=23,FINAL_SCOPE_MATCHED,廣告設計科；多媒體設計科；資訊科,858,114官方現行科別；設計/汽車/機械/電機電子資訊/航空相關科別全納入
桃園市私立新興高中,031320,1850,多媒體設計科=294；機械科=273；汽車修護科=127；汽車科=284；資訊科=256；電子科=284；飛機修護科=332,FINAL_SCOPE_MATCHED,機械科；資訊科；電子科；汽車科；飛機修護科,1429,114官方現行科別；設計/汽車/機械/電機電子資訊/航空相關科別全納入
桃園市立龍潭高中,033302,372,機械科=106；電子科=116；電機科=109；電機科=41,FINAL_SCOPE_MATCHED,機械科,106,114官方現行科別；設計/汽車/機械/電機電子資訊/航空相關科別全納入
桃園市育達高中,031309,745,多媒體設計科=240；廣告設計科=303；資訊科=202,FINAL_SCOPE_MATCHED,廣告設計科；多媒體設計科；資訊科,745,114官方現行科別；設計/汽車/機械/電機電子資訊/航空相關科別全納入
私立光啟高中,031317,455,機械科=40；汽車科=75；資訊科=261；電機科=79,FINAL_SCOPE_MATCHED,汽車；機械科；資訊科,376,114官方現行科別；設計/汽車/機械/電機電子資訊/航空相關科別全納入
私立六和高中,031310,442,多媒體設計科=111；機電科=211；資訊科=120,FINAL_SCOPE_MATCHED,多媒體設計科；資訊科,231,114官方現行科別；設計/汽車/機械/電機電子資訊/航空相關科別全納入
私立永平工商,031421,652,廣告設計科=114；汽車修護科=207；汽車科=152；汽車科=39；資訊科=140,FINAL_SCOPE_MATCHED,廣告設計科；資訊科,254,114官方現行科別；設計/汽車/機械/電機電子資訊/航空相關科別全納入
私立治平高中,031312,836,多媒體技術科=30；資訊應用=1；資訊科=145；電子科=125；電機修護科=116；電機科=419,FINAL_SCOPE_MATCHED,資訊科,145,114官方現行科別；設計/汽車/機械/電機電子資訊/航空相關科別全納入
私立清華高中,031319,179,汽車修護科=32；汽車科=51；資訊科=29；軌道車輛科=67,FINAL_SCOPE_MATCHED,資訊科,29,114官方現行科別；設計/汽車/機械/電機電子資訊/航空相關科別全納入
私立至善高中,031323,76,家具木工科=76,FINAL_SCOPE_MATCHED,家具木工科,76,114官方現行科別；設計/汽車/機械/電機電子資訊/航空相關科別全納入
國立新竹高工,180404,1159,室內空間設計科=173；機械加工科=87；機械科=216；機械科=35；製圖科=113；製圖科=28；資訊科=223；電機科=229；電機科=55,FINAL_SCOPE_MATCHED,室內空間設計科；機械科；資訊科,647,114官方現行科別；設計/汽車/機械/電機電子資訊/航空相關科別全納入
市立香山高中,183307,214,美術工藝科=214,FINAL_SCOPE_MATCHED,美術工藝科,214,114官方現行科別；設計/汽車/機械/電機電子資訊/航空相關科別全納入
新竹市私立磐石高中,181307,558,機械科=276；電機科=282,FINAL_SCOPE_MATCHED,機械科,276,114官方現行科別；設計/汽車/機械/電機電子資訊/航空相關科別全納入
私立世界高中,181308,29,汽車科=14；美工科=15,FINAL_SCOPE_MATCHED,美工科,15,114官方現行科別；設計/汽車/機械/電機電子資訊/航空相關科別全納入
私立光復高中,181305,1232,多媒體設計科=146；室內設計科=121；廣告設計科=123；汽車科=238；汽車科=38；資訊科=341；電子科=90；電機科=135,FINAL_SCOPE_MATCHED,室內設計科；廣告設計科；多媒體設計科；資訊科,731,114官方現行科別；設計/汽車/機械/電機電子資訊/航空相關科別全納入
國立陽明交大附中,040308,112,資訊科=112,FINAL_SCOPE_MATCHED,資訊科,112,114官方現行科別；設計/汽車/機械/電機電子資訊/航空相關科別全納入
私立內思高工,041401,777,多媒體設計科=100；機械科=142；資訊科=183；電子科=99；電機科=253,FINAL_SCOPE_MATCHED,多媒體設計科；機械科；資訊科,425,114官方現行科別；設計/汽車/機械/電機電子資訊/航空相關科別全納入
私立東泰高中,041306,404,微電腦修護科=135；汽車修護科=26；汽車科=61；汽車科=64；資訊科=118,FINAL_SCOPE_MATCHED,汽車；汽車修護；資訊科,269,114官方現行科別；設計/汽車/機械/電機電子資訊/航空相關科別全納入
私立義民高中,041303,821,廣告技術科=126；廣告設計科=272；資訊科=423,FINAL_SCOPE_MATCHED,廣告設計科；資訊科,695,114官方現行科別；設計/汽車/機械/電機電子資訊/航空相關科別全納入
縣立自強高工,044428,0,,FINAL_NOT_OPEN_114,資訊科,0,114官方現行科別；設計/汽車/機械/電機電子資訊/航空相關科別全納入
國立大湖農工,050401,214,室內空間設計科=70；機械科=68；電機科=76,FINAL_SCOPE_MATCHED,室內空間設計科；機械科,138,114官方現行科別；設計/汽車/機械/電機電子資訊/航空相關科別全納入
國立苗栗農工,050404,735,機械科=190；生物產業機電科=94；電機科=215；電機空調科=210；電腦繪圖科=26,FINAL_SCOPE_MATCHED,機械科,190,114官方現行科別；設計/汽車/機械/電機電子資訊/航空相關科別全納入
國立苗栗高商,050407,109,多媒體設計科=109,FINAL_SCOPE_MATCHED,多媒體設計科,109,114官方現行科別；設計/汽車/機械/電機電子資訊/航空相關科別全納入
私立中興商工,051408,166,汽車修護科=75；汽車科=47；資訊科=44,FINAL_SCOPE_MATCHED,資訊科,44,114官方現行科別；設計/汽車/機械/電機電子資訊/航空相關科別全納入
私立君毅高中,051302,252,多媒體技術科=92；資訊科=160,FINAL_SCOPE_MATCHED,資訊科,160,114官方現行科別；設計/汽車/機械/電機電子資訊/航空相關科別全納入
私立龍德家商,051413,11,家具木工科=11,FINAL_SCOPE_MATCHED,家具木工科,11,114官方現行科別；設計/汽車/機械/電機電子資訊/航空相關科別全納入
縣立三義高中,054308,81,多媒體設計=5；多媒體設計科=76,FINAL_SCOPE_MATCHED,多媒體設計科,81,114官方現行科別；設計/汽車/機械/電機電子資訊/航空相關科別全納入
縣立苑裡高中,054309,90,廣告設計科=90,FINAL_SCOPE_MATCHED,廣告設計科,90,114官方現行科別；設計/汽車/機械/電機電子資訊/航空相關科別全納入
市立大甲高中,063303,190,室內設計=20；廣告設計=32；美工科=88；資訊應用=50,FINAL_SCOPE_MATCHED,廣告設計學程（綜合高中）,32,114官方現行科別；設計/汽車/機械/電機電子資訊/航空相關科別全納入
市立東勢高工,063404,1073,室內空間設計科=94；家具設計科=88；機械科=171；機械科=22；汽車科=175；裝潢技術科=8；製圖科=82；資訊科=91；資訊科=13；電子科=81；電機科=191；電機科=9；電腦繪圖科=32；電腦繪圖科=16,FINAL_SCOPE_MATCHED,家具設計科；室內空間設計科；機械科；資訊科,479,114官方現行科別；設計/汽車/機械/電機電子資訊/航空相關科別全納入
市立沙鹿高工,063407,934,機械科=300；機械科=47；汽車科=191；汽車科=54；製圖科=104；資訊科=102；電子科=106；電子科=30,FINAL_SCOPE_MATCHED,汽車科；機械科；資訊科,694,114官方現行科別；設計/汽車/機械/電機電子資訊/航空相關科別全納入
市立臺中家商,193404,215,服裝製作科=20；流行服飾科=195,FINAL_SCOPE_MATCHED,服裝設計科；服裝製作科（實用技能）,215,114官方現行科別；設計/汽車/機械/電機電子資訊/航空相關科別全納入
市立臺中高工,193407,2461,冷凍空調技術科=102；冷凍空調科=210；圖文傳播科=212；控制科=228；機械加工科=8；機械科=452；機械科=34；汽車科=208；汽車科=33；資訊科=220；電子科=224；電子科=3；電機修護科=35；電機科=224；電機科=41；電腦機械製圖科=219；電腦繪圖科=8,FINAL_SCOPE_MATCHED,圖文傳播科；機械科；資訊科,918,114官方現行科別；設計/汽車/機械/電機電子資訊/航空相關科別全納入
私立僑泰高中,061314,1759,多媒體設計科=250；室內設計科=253；廣告設計科=131；機械加工科=67；機械科=235；汽車修護科=118；汽車科=257；汽車科=78；資訊科=120；電子科=250,FINAL_SCOPE_MATCHED,廣告設計；多媒體設計；室內設計；汽車；汽車修護；機械科；資訊科,1442,114官方現行科別；設計/汽車/機械/電機電子資訊/航空相關科別全納入
私立嶺東高中,191314,1104,多媒體設計科=257；廣告設計科=124；汽車修護科=105；汽車科=195；資訊科=203；電子科=220,FINAL_SCOPE_MATCHED,廣告設計科；多媒體設計科；資訊科,584,114官方現行科別；設計/汽車/機械/電機電子資訊/航空相關科別全納入
私立慈明高中,061321,345,廣告設計科=1；航空電子科=0；資訊科=344,FINAL_SCOPE_MATCHED,廣告設計科（動漫設計特色）；資訊科,345,114官方現行科別；設計/汽車/機械/電機電子資訊/航空相關科別全納入
私立新民高中,191305,1469,多媒體設計科=277；多媒體設計科=85；室內設計科=47；廣告設計科=130；機械科=135；機械科=46；資訊科=250；電子科=39；電機科=267；電機科=85；電腦機械製圖科=108,FINAL_SCOPE_MATCHED,廣告設計科；多媒體設計科；機械科；資訊科,923,114官方現行科別；設計/汽車/機械/電機電子資訊/航空相關科別全納入
私立明台高中,061306,105,室內設計科=105,FINAL_SCOPE_MATCHED,室內設計科,105,114官方現行科別；設計/汽車/機械/電機電子資訊/航空相關科別全納入
私立明德高中,191309,195,多媒體設計科=127；廣告設計科=68,FINAL_SCOPE_MATCHED,廣告設計科,68,114官方現行科別；設計/汽車/機械/電機電子資訊/航空相關科別全納入
私立明道高中,061313,1202,廣告設計科=402；美工科=274；資訊科=260；電子科=266,FINAL_SCOPE_MATCHED,美工；廣告設計；資訊科,936,114官方現行科別；設計/汽車/機械/電機電子資訊/航空相關科別全納入
私立青年高中,061316,861,多媒體動畫科=153；汽車修護科=31；汽車科=250；資訊科=427；電子科=0,FINAL_SCOPE_MATCHED,汽車；汽車修護；資訊科,708,114官方現行科別；設計/汽車/機械/電機電子資訊/航空相關科別全納入
臺中市大明高中,061310,579,多媒體動畫科=227；廣告設計科=217；美工科=135,FINAL_SCOPE_MATCHED,美工科；廣告設計科,352,114官方現行科別；設計/汽車/機械/電機電子資訊/航空相關科別全納入
臺中市私立致用高中,061309,428,機械科=132；汽車修護科=13；汽車科=88；資訊科=175；電子科=20,FINAL_SCOPE_MATCHED,機械科；資訊科；電子科；汽車科,415,114官方現行科別；設計/汽車/機械/電機電子資訊/航空相關科別全納入
臺中市立大甲高工,063402,1080,微電腦修護科=0；機械加工科=186；機械加工科=0；機械科=191；製圖科=95；資訊科=106；電子科=205；電機修護科=92；電機修護科=0；電機科=205,FINAL_SCOPE_MATCHED,機械科；製圖科；電機科；電子科；資訊科,802,114官方現行科別；設計/汽車/機械/電機電子資訊/航空相關科別全納入
臺中市立神岡高工,064406,298,機械加工科=95；機械加工科=0；機械科=203,FINAL_SCOPE_MATCHED,機械科,203,114官方現行科別；設計/汽車/機械/電機電子資訊/航空相關科別全納入
臺中市立霧峰農工,063408,860,機械加工科=0；機械科=258；汽車科=99；汽車科=28；電子科=208；電機科=213；電腦繪圖科=54,FINAL_SCOPE_MATCHED,機械科,258,114官方現行科別；設計/汽車/機械/電機電子資訊/航空相關科別全納入
財團法人光華高工,191412,36,室內空間設計科=0；機械科=10；資訊科=0；電機科=26,FINAL_SCOPE_MATCHED,115現行招生頁未列設計群（舊制曾設室內空間設計科）；機械科；資訊科,10,114官方現行科別；設計/汽車/機械/電機電子資訊/航空相關科別全納入
國立二林工商,070403,554,室內空間設計科=88；機械加工科=18；機械科=149；裝潢技術科=25；電子科=77；電機修護科=19；電機科=178,FINAL_SCOPE_MATCHED,室內空間設計科；裝潢技術科（實用技能）；機械科,262,114官方現行科別；設計/汽車/機械/電機電子資訊/航空相關科別全納入
國立北斗家商,070415,293,廣告設計科=293,FINAL_SCOPE_MATCHED,廣告設計科,293,114官方現行科別；設計/汽車/機械/電機電子資訊/航空相關科別全納入
國立員林崇實高工,070409,812,冷凍空調科=20；室內空間設計科=104；室內空間設計科=33；家具設計科=101；資訊科=103；電機科=214；電機科=28；電機空調科=209,FINAL_SCOPE_MATCHED,室內空間設計科；家具設計科；裝潢技術科（實用技能）；資訊科,341,114官方現行科別；設計/汽車/機械/電機電子資訊/航空相關科別全納入
國立員林農工,070408,294,機械科=196；生物產業機電科=98,FINAL_SCOPE_MATCHED,機械科,196,114官方現行科別；設計/汽車/機械/電機電子資訊/航空相關科別全納入
國立彰化高商,070406,206,廣告設計科=206,FINAL_SCOPE_MATCHED,廣告設計科,206,114官方現行科別；設計/汽車/機械/電機電子資訊/航空相關科別全納入
國立彰師附工,070401,1597,控制科=103；機械木模科=101；機械科=222；機械科=19；機電科=211；汽車科=176；汽車科=36；製圖科=111；製圖科=32；資訊科=107；資訊科=21；電子科=213；電機科=216；電機科=29,FINAL_SCOPE_MATCHED,汽車科；機械科；資訊科,581,114官方現行科別；設計/汽車/機械/電機電子資訊/航空相關科別全納入
國立永靖高工,070402,795,室內空間設計科=92；室內空間設計科=11；微電腦修護科=26；機械加工科=3；機械科=217；機械科=0；製圖科=98；資訊科=98；資訊科=8；電機修護科=29；電機科=209；電腦繪圖科=4,FINAL_SCOPE_MATCHED,室內空間設計科；機械科；資訊科,426,114官方現行科別；設計/汽車/機械/電機電子資訊/航空相關科別全納入
國立秀水高工,070405,1070,室內空間設計科=107；室內空間設計科=53；機械加工科=93；機械科=296；機械科=39；製圖科=102；製圖科=31；電機修護科=97；電機科=204；電機科=48,FINAL_SCOPE_MATCHED,室內空間設計科；機械科,495,114官方現行科別；設計/汽車/機械/電機電子資訊/航空相關科別全納入
私立文興高中,071317,79,多媒體設計=36；資訊應用=43,FINAL_SCOPE_MATCHED,多媒體設計科,36,114官方現行科別；設計/汽車/機械/電機電子資訊/航空相關科別全納入
國立南投高中,080302,390,美工科=98；電子科=102；電機科=105；電腦機械製圖科=85,FINAL_SCOPE_MATCHED,美工科,98,114官方現行科別；設計/汽車/機械/電機電子資訊/航空相關科別全納入
國立埔里高工,080403,292,微電腦修護科=8；機械科=73；資訊科=52；電機科=146；電腦繪圖科=13,FINAL_SCOPE_MATCHED,機械科；電機科；資訊科；電腦繪圖科,284,114官方現行科別；設計/汽車/機械/電機電子資訊/航空相關科別全納入
國立水里商工,080410,106,資訊科=14；資訊科=15；電機科=77,FINAL_SCOPE_MATCHED,資訊科,29,114官方現行科別；設計/汽車/機械/電機電子資訊/航空相關科別全納入
國立竹山高中,080307,169,多媒體設計科=91；廣告設計科=78,FINAL_SCOPE_MATCHED,廣告設計科；多媒體設計科,169,114官方現行科別；設計/汽車/機械/電機電子資訊/航空相關科別全納入
國立草屯商工,080406,222,機械科=192；機械科=30,FINAL_SCOPE_MATCHED,機械科,222,114官方現行科別；設計/汽車/機械/電機電子資訊/航空相關科別全納入
國立北港農工,090404,407,微電腦修護科=26；機械科=66；資訊科=51；農業機械科=81；電機科=183,FINAL_SCOPE_MATCHED,機械科；資訊科,117,114官方現行科別；設計/汽車/機械/電機電子資訊/航空相關科別全納入
國立土庫商工,090413,205,廣告設計科=103；美工科=102,FINAL_SCOPE_MATCHED,美工科；廣告設計科,205,114官方現行科別；設計/汽車/機械/電機電子資訊/航空相關科別全納入
國立斗六家商,090403,202,廣告設計科=202,FINAL_SCOPE_MATCHED,廣告設計科,202,114官方現行科別；設計/汽車/機械/電機電子資訊/航空相關科別全納入
國立虎尾農工,090401,477,機械科=101；生物產業機電科=89；電機修護科=0；電機科=203；電腦機械製圖科=76；電腦繪圖科=8,FINAL_SCOPE_MATCHED,機械科,101,114官方現行科別；設計/汽車/機械/電機電子資訊/航空相關科別全納入
國立西螺農工,090402,774,微電腦修護科=22；機械加工科=28；機械技術=62；機械科=96；汽車技術=36；汽車科=103；生物產業機電科=101；電子技術=25；電子科=94；電機技術=38；電機科=109；電機科=14；電腦機械製圖科=24；電腦繪圖科=22,FINAL_SCOPE_MATCHED,機械科；汽車科；電子科；電機科；生物產業機電科,517,114官方現行科別；設計/汽車/機械/電機電子資訊/航空相關科別全納入
私立大德工商,091414,43,汽車科=0；資訊科=43,FINAL_SCOPE_MATCHED,資訊科,43,114官方現行科別；設計/汽車/機械/電機電子資訊/航空相關科別全納入
私立大成商工,091410,65,多媒體技術科=0；汽車修護科=65；汽車科=0,FINAL_SCOPE_MATCHED,多媒體設計科；資訊科,0,114官方現行科別；設計/汽車/機械/電機電子資訊/航空相關科別全納入
國立嘉義高商,200406,186,廣告設計科=186,FINAL_SCOPE_MATCHED,廣告設計科,186,114官方現行科別；設計/汽車/機械/電機電子資訊/航空相關科別全納入
國立嘉義高工,200405,1412,室內空間設計科=101；室內空間設計科=35；建築製圖=45；微電腦修護科=29；機械修護科=36；機械科=193；汽車修護科=31；汽車科=101；汽車美容服務科=34；裝潢技術科=57；製圖科=92；電子科=195；電子科=6；電機修護科=45；電機科=207；電機科=36；電機空調科=95；電腦繪圖科=26；電腦輔助機械=48,FINAL_SCOPE_MATCHED,室內空間設計科；機械科,329,114官方現行科別；設計/汽車/機械/電機電子資訊/航空相關科別全納入
國立華南高商,200401,175,廣告設計科=118；美工科=57,FINAL_SCOPE_MATCHED,美工科；廣告設計科,175,114官方現行科別；設計/汽車/機械/電機電子資訊/航空相關科別全納入
私立東吳工家,201408,698,多媒體技術科=73；汽車修護科=79；汽車科=50；資訊科=496,FINAL_SCOPE_MATCHED,多媒體技術；汽車；汽車修護；資訊科,698,114官方現行科別；設計/汽車/機械/電機電子資訊/航空相關科別全納入
私立輔仁高中,201312,0,廣告設計科=0,FINAL_SCOPE_MATCHED,廣告設計科,0,114官方現行科別；設計/汽車/機械/電機電子資訊/航空相關科別全納入
國立東石高中,100301,440,機械科=163；汽車科=92；電機科=185,FINAL_SCOPE_MATCHED,機械科,163,114官方現行科別；設計/汽車/機械/電機電子資訊/航空相關科別全納入
國立民雄農工,100402,427,機械科=89；機車修護科=28；汽車科=129；生物產業機電科=35；電機科=146,FINAL_SCOPE_MATCHED,汽車；機車修護；機械科,246,114官方現行科別；設計/汽車/機械/電機電子資訊/航空相關科別全納入
私立萬能工商,101406,627,多媒體技術科=0；汽車修護科=40；資訊科=587,FINAL_SCOPE_MATCHED,多媒體設計科；資訊科,587,114官方現行科別；設計/汽車/機械/電機電子資訊/航空相關科別全納入
國立北門農工,110404,421,機械科=117；電子科=77；電機修護科=0；電機科=174；電腦機械製圖科=48；電腦繪圖科=5,FINAL_SCOPE_MATCHED,機械科,117,114官方現行科別；設計/汽車/機械/電機電子資訊/航空相關科別全納入
國立後壁高中,110314,329,多媒體設計科=71；室內空間設計科=71；廣告設計科=40；美工科=63；資訊科=33；電機科=51,FINAL_SCOPE_MATCHED,美工科；廣告設計科；多媒體設計科；室內空間設計科；資訊科,278,114官方現行科別；設計/汽車/機械/電機電子資訊/航空相關科別全納入
國立成大附屬南工,110409,1664,室內空間設計科=36；機械板金科=34；機械科=318；機械科=23；機電科=5；汽車修護科=28；汽車科=111；製圖科=200；資訊科=214；資訊科=33；電子科=214；電子科=11；電機科=212；電機科=28；電腦機械製圖科=0；電腦繪圖科=87；飛機修護科=110,FINAL_SCOPE_MATCHED,室內空間設計；汽車；飛機修護；汽車修護；機械科；資訊科,873,114官方現行科別；設計/汽車/機械/電機電子資訊/航空相關科別全納入
國立新化高工,110401,587,機械科=89；製圖科=91；資訊科=93；電子科=104；電子科=43；電機科=93；電腦繪圖科=74,FINAL_SCOPE_MATCHED,機械科；資訊科,182,114官方現行科別；設計/汽車/機械/電機電子資訊/航空相關科別全納入
國立新營高工,110406,415,多媒體技術科=18；機械科=117；製圖科=54；資訊科=57；電機修護科=15；電機科=154,FINAL_SCOPE_MATCHED,機械科；資訊科,174,114官方現行科別；設計/汽車/機械/電機電子資訊/航空相關科別全納入
國立新豐高中,110302,100,廣告設計=58；資訊應用=42,FINAL_SCOPE_MATCHED,廣告設計學程（綜合高中）,58,114官方現行科別；設計/汽車/機械/電機電子資訊/航空相關科別全納入
國立曾文家商,110405,177,廣告技術科=76；廣告設計科=101,FINAL_SCOPE_MATCHED,廣告設計科；廣告技術科（實用技能）,177,114官方現行科別；設計/汽車/機械/電機電子資訊/航空相關科別全納入
國立曾文農工,110410,391,多媒體技術科=12；機械科=57；汽車修護科=65；汽車科=80；電子科=43；電機科=110；電腦機械製圖科=22；電腦繪圖科=2,FINAL_SCOPE_MATCHED,機械科,57,114官方現行科別；設計/汽車/機械/電機電子資訊/航空相關科別全納入
國立玉井工商,110407,122,廣告設計科=46；電子科=27；電機科=49,FINAL_SCOPE_MATCHED,廣告設計科,46,114官方現行科別；設計/汽車/機械/電機電子資訊/航空相關科別全納入
國立白河商工,110403,159,機械科=12；汽車修護科=29；汽車科=34；資訊科=32；電機科=52,FINAL_SCOPE_MATCHED,機械科；資訊科,44,114官方現行科別；設計/汽車/機械/電機電子資訊/航空相關科別全納入
國立臺南高商,210408,205,廣告設計科=205,FINAL_SCOPE_MATCHED,廣告設計科,205,114官方現行科別；設計/汽車/機械/電機電子資訊/航空相關科別全納入
私立六信高中,211314,173,資訊科=173,FINAL_SCOPE_MATCHED,資訊科（建教/僑生專班）,173,114官方現行科別；設計/汽車/機械/電機電子資訊/航空相關科別全納入
私立南英商工,211407,331,多媒體動畫科=94；汽車科=99；汽車科=16；電機空調科=122,FINAL_SCOPE_MATCHED,汽車,115,114官方現行科別；設計/汽車/機械/電機電子資訊/航空相關科別全納入
私立慈幼工商,211419,431,汽車修護科=96；汽車科=104；汽車科=64；資訊科=39；資訊科=55；電機科=73,FINAL_SCOPE_MATCHED,汽車；汽車修護；資訊科,358,114官方現行科別；設計/汽車/機械/電機電子資訊/航空相關科別全納入
私立育德工家,111427,70,多媒體技術科=11；汽車修護科=7；汽車科=15；飛機修護科=37；飛機修護科=0,FINAL_SCOPE_MATCHED,多媒體技術；汽車；飛機修護；汽車修護,70,114官方現行科別；設計/汽車/機械/電機電子資訊/航空相關科別全納入
私立長榮高中,私立長榮高中,413,多媒體設計科=109；廣告設計科=119；資訊科=73；電機科=112,FINAL_SCOPE_MATCHED,廣告設計科；多媒體設計科；資訊科,301,114官方現行科別；設計/汽車/機械/電機電子資訊/航空相關科別全納入
私立陽明工商,111419,42,家具木工科=35；汽車科=7,FINAL_SCOPE_MATCHED,家具木工科（114仍有在學資料；115停招/停止招生狀態）,35,114官方現行科別；設計/汽車/機械/電機電子資訊/航空相關科別全納入
臺南市光華高中,臺南市光華高中,355,多媒體設計=45；多媒體設計科=263；室內設計=0；流行服飾科=47,FINAL_SCOPE_MATCHED,多媒體設計科,308,114官方現行科別；設計/汽車/機械/電機電子資訊/航空相關科別全納入
國立岡山農工,120402,976,室內空間設計科=77；機械科=169；機械科=32；汽車科=172；汽車科=35；生物產業機電科=92；資訊科=91；資訊科=15；電子科=127；電機科=158；電機科=8,FINAL_SCOPE_MATCHED,室內空間設計科；機械科；資訊科,384,114官方現行科別；設計/汽車/機械/電機電子資訊/航空相關科別全納入
國立旗山農工,120401,216,機械科=14；機車修護科=6；汽車科=64；生物產業機電科=8；電機科=124,FINAL_SCOPE_MATCHED,機械科；電機科；汽車科；生物機電科,210,114官方現行科別；設計/汽車/機械/電機電子資訊/航空相關科別全納入
國立旗美高中,120311,78,多媒體設計科=78,FINAL_SCOPE_MATCHED,多媒體設計科,78,114官方現行科別；設計/汽車/機械/電機電子資訊/航空相關科別全納入
國立鳳山商工,120409,921,室內空間設計科=207；室內空間設計科=48；家具設計科=93；機械科=307；電腦機械製圖科=266,FINAL_SCOPE_MATCHED,家具設計科；室內空間設計科；機械科,655,114官方現行科別；設計/汽車/機械/電機電子資訊/航空相關科別全納入
市立三民家商,533402,392,室內設計科=212；服裝科=180,FINAL_SCOPE_MATCHED,多媒體設計科,0,114官方現行科別；設計/汽車/機械/電機電子資訊/航空相關科別全納入
市立中正高工,593401,1524,冷凍空調技術科=33；冷凍空調科=187；微電腦修護科=41；控制科=104；機械科=204；汽車科=201；汽車美容服務科=28；製圖科=0；資訊科=196；金屬工藝科=90；金屬工藝科=0；電子科=107；電機科=211；電機科=32；電腦機械製圖科=90,FINAL_SCOPE_MATCHED,圖文傳播科；機械科；資訊科,400,114官方現行科別；設計/汽車/機械/電機電子資訊/航空相關科別全納入
新光學校財團法人高雄市新光高級中學,121306,9,資訊科=9,FINAL_SCOPE_MATCHED,資訊科,9,114官方現行科別；設計/汽車/機械/電機電子資訊/航空相關科別全納入
市立海青工商,533401,933,室內空間設計科=202；廣告設計科=201；廣告設計科=38；美工科=195；資訊科=199；電子科=98,FINAL_SCOPE_MATCHED,美工科；廣告設計科；室內設計科；資訊科,835,114官方現行科別；設計/汽車/機械/電機電子資訊/航空相關科別全納入
市立高雄高商,563401,212,廣告設計科=212,FINAL_SCOPE_MATCHED,廣告設計科,212,114官方現行科別；設計/汽車/機械/電機電子資訊/航空相關科別全納入
市立高雄高工,553401,2174,冷凍空調科=214；圖文傳播科=207；機械科=424；機械科=35；汽車科=209；製圖科=29；資訊科=215；資訊科=34；電子科=217；電機科=335；電機科=42；電腦機械製圖科=213,FINAL_SCOPE_MATCHED,圖文傳播科；機械科；資訊科,915,114官方現行科別；設計/汽車/機械/電機電子資訊/航空相關科別全納入
私立三信家商,581402,159,廣告設計科=159,FINAL_SCOPE_MATCHED,廣告設計科,159,114官方現行科別；設計/汽車/機械/電機電子資訊/航空相關科別全納入
私立中山工商,121405,2951,多媒體技術科=103；多媒體設計科=105；機電科=164；汽車修護科=160；汽車科=430；汽車美容服務科=27；資訊科=803；電子科=310；電機修護科=131；電機科=680；電機與電子群不分科(112學年試辦)=38,FINAL_SCOPE_MATCHED,多媒體設計科；資訊科,908,114官方現行科別；設計/汽車/機械/電機電子資訊/航空相關科別全納入
私立樹德家商,551402,315,廣告設計科=315,FINAL_SCOPE_MATCHED,廣告設計科,315,114官方現行科別；設計/汽車/機械/電機電子資訊/航空相關科別全納入
私立立志高中,551301,324,汽車科=108；汽車科=33；資訊科=90；資訊科=0；電子科=10；電機科=83；電機科=0,FINAL_SCOPE_MATCHED,資訊科；電子科,100,114官方現行科別；設計/汽車/機械/電機電子資訊/航空相關科別全納入
私立華德工家,121415,173,汽車科=0；資訊科=162；飛機修護科=11,FINAL_SCOPE_MATCHED,資訊科；飛機修護科,173,114官方現行科別；設計/汽車/機械/電機電子資訊/航空相關科別全納入
私立高苑工商,121417,497,汽車科=57；資訊科=326；資訊科=31；電機科=83,FINAL_SCOPE_MATCHED,資訊科；電機科；汽車科,497,114官方現行科別；設計/汽車/機械/電機電子資訊/航空相關科別全納入
私立高英工商,121413,237,廣告設計科=47；汽車科=85；汽車科=10；資訊科=45；電機科=50,FINAL_SCOPE_MATCHED,115學年度高雄區現行技高群科表未列設計群（原服務名單）；資訊科,45,114官方現行科別；設計/汽車/機械/電機電子資訊/航空相關科別全納入
國立內埔農工,130401,214,機械科=23；汽車科=67；農業機械科=78；電機科=46,FINAL_SCOPE_MATCHED,機械科；電機科；汽車科,136,114官方現行科別；設計/汽車/機械/電機電子資訊/航空相關科別全納入
國立屏東高工,130403,1053,機械科=205；汽車科=198；汽車科=37；製圖科=94；製圖科=22；電子科=209；電子科=28；電機科=218；電機科=42,FINAL_SCOPE_MATCHED,機械科,205,114官方現行科別；設計/汽車/機械/電機電子資訊/航空相關科別全納入
國立恆春工商,130417,103,資訊科=20；電子科=22；電機科=39；電機與電子群不分科(112學年試辦)=22,FINAL_SCOPE_MATCHED,資訊科,20,114官方現行科別；設計/汽車/機械/電機電子資訊/航空相關科別全納入
私立民生家商,131409,0,多媒體設計科=0,FINAL_SCOPE_MATCHED,多媒體設計科,0,114官方現行科別；設計/汽車/機械/電機電子資訊/航空相關科別全納入
財團法人屏榮高中,131307,442,多媒體設計科=241；資訊科=59；電子科=84；電機與電子群不分科(112學年試辦)=58,FINAL_SCOPE_MATCHED,多媒體設計科；資訊科,300,114官方現行科別；設計/汽車/機械/電機電子資訊/航空相關科別全納入
國立宜蘭高商,020403,222,多媒體設計=16；多媒體設計科=106；資訊科=100,FINAL_SCOPE_MATCHED,多媒體設計科；資訊科,222,114官方現行科別；設計/汽車/機械/電機電子資訊/航空相關科別全納入
國立羅東高商,020404,149,多媒體設計=42；多媒體設計科=106；資訊應用=1,FINAL_SCOPE_MATCHED,多媒體設計科,148,114官方現行科別；設計/汽車/機械/電機電子資訊/航空相關科別全納入
國立羅東高工,020407,878,機械加工科=13；機械科=135；汽車修護科=24；汽車科=146；汽車科=0；製圖科=53；製圖科=13；資訊科=89；電子科=164；電子科=19；電機修護科=16；電機科=206,FINAL_SCOPE_MATCHED,汽車；汽車修護；機械科；資訊科,394,114官方現行科別；設計/汽車/機械/電機電子資訊/航空相關科別全納入
國立玉里高中,150309,34,廣告設計科=34,FINAL_SCOPE_MATCHED,廣告設計科,34,114官方現行科別；設計/汽車/機械/電機電子資訊/航空相關科別全納入
國立花蓮高商,150405,100,多媒體設計科=100,FINAL_SCOPE_MATCHED,多媒體設計科,100,114官方現行科別；設計/汽車/機械/電機電子資訊/航空相關科別全納入
國立花蓮高工,150404,518,機械科=36；機電科=23；汽車科=130；汽車科=0；製圖科=42；資訊科=45；電子科=83；電子科=10；電機科=149,FINAL_SCOPE_MATCHED,機械科；資訊科,81,114官方現行科別；設計/汽車/機械/電機電子資訊/航空相關科別全納入
私立海星高中,151306,107,多媒體設計=49；室內設計=18；廣告設計=19；服裝設計=21；資訊應用=0,FINAL_SCOPE_MATCHED,115學年度未查得獨立設計群科招生（原設計群服務名單）,107,114官方現行科別；設計/汽車/機械/電機電子資訊/航空相關科別全納入
國立臺東專科學校附設高職部,140401,362,室內空間設計科=60；機械科=21；汽車科=82；資訊科=45；農業機械科=40；電機科=90；電機科=24,FINAL_SCOPE_MATCHED,室內空間設計科；機械科；資訊科,126,114官方現行科別；設計/汽車/機械/電機電子資訊/航空相關科別全納入
國立臺東高商,140405,87,廣告設計科=87,FINAL_SCOPE_MATCHED,廣告設計科,87,114官方現行科別；設計/汽車/機械/電機電子資訊/航空相關科別全納入
私立公東高工,141406,181,室內空間設計科=58；家具木工科=59；機械科=20；電機科=44,FINAL_SCOPE_MATCHED,家具木工科；室內空間設計科；機械科,137,114官方現行科別；設計/汽車/機械/電機電子資訊/航空相關科別全納入
國立澎湖海事水產,160401,110,汽車科=40；資訊科=39；電子科=31,FINAL_SCOPE_MATCHED,資訊科,39,114官方現行科別；設計/汽車/機械/電機電子資訊/航空相關科別全納入
國立金門農工,710401,356,機械科=30；汽車科=79；資訊科=74；電子科=72；電機科=94；電機科=7,FINAL_SCOPE_MATCHED,機工科（機械群）；電機科；電子科；汽車科,282,114官方現行科別；設計/汽車/機械/電機電子資訊/航空相關科別全納入
